"cod","id","ano","econo_bov","AtvTotal","AtvCirc","PasCirc","PatLiq","CxOper","RecLiq","VrMerc","LAIR","LucroLiquido","LucroBruto","LiqBolsa"
"ADHM3","2172","2015","Consumo não cíclico",6681,570,34931,-35587,-26,0,9763,-12533,-14799,0,0.00434
"ADHM3","2172","2016","Consumo não cíclico",2750,957,3278,-4232,-32802,0,23898,-5448,-1817,0,0.00869
"ADHM3","2172","2017","Consumo não cíclico",2409,357,7931,-9328,-180,18,15428,-5411,-5411,18,0.00273
"AELP3","1931","2015","Utilidade pública",13872026,4609746,4508669,1459965,-316155,13667413,538045,112769,-15532,471607,0.00028
"AELP3","1931","2016","Utilidade pública",50040,28108,11979,16216,1702442,0,1236744,535,226577,-1278,0.00022
"AELP3","1931","2017","Utilidade pública",34273,11157,12008,-759,0,0,470674,181,130,-765,8e-05
"BRGE6","470","2015","Financeiro e outros",3034511,1720799,1155473,999692,126222,27701,336882,118269,64225,-71286,0
"BRGE6","470","2016","Financeiro e outros",3247532,1855664,1282724,1044205,123703,30556,212774,122897,61175,-58695,1e-05
"BRGE6","470","2017","Financeiro e outros",3141175,1880712,1293229,1090754,136395,25294,248995,108806,51187,-65916,0
"RPAD5","995","2015","Financeiro e outros",857499,9396,5830,851427,-2423,189,209630,51585,51537,162,7e-05
"RPAD5","995","2016","Financeiro e outros",889310,6243,6114,882902,-2489,239,341428,50735,50783,227,0.00027
"RPAD5","995","2017","Financeiro e outros",925349,22302,6631,918365,-2595,308,249601,40621,43536,293,6e-05
"ALSC3","2130","2015","Financeiro e outros",4115208,297078,320420,1819779,306164,494799,1762757,184162,131971,369745,0.12896
"ALSC3","2130","2016","Financeiro e outros",4896895,921565,557181,2404431,234013,487551,2919162,4177,-17766,364143,0.13409
"ALSC3","2130","2017","Financeiro e outros",4793893,713202,254062,2465415,390669,507691,3656124,125022,94539,377152,0.16624
"ALPA4","1045","2015","Consumo cíclico",3763470,2208631,1309519,1839529,407319,4126254,3880414,306000,272314,1759426,0.11066
"ALPA4","1045","2016","Consumo cíclico",3782052,2262005,994530,1976023,340971,4054404,4362152,385281,361567,1800284,0.12783
"ALPA4","1045","2017","Consumo cíclico",3853454,2439913,1121505,2186390,303003,3721863,7981233,305795,362289,1639602,0.16364
"ALUP11","2149","2015","Utilidade pública",10011663,2320219,1927256,2510077,1263031,1493559,2739153,649522,209169,1153621,0.06983
"ALUP11","2149","2016","Utilidade pública",10230001,2577166,1777465,2899182,1135442,1553811,5365648,811193,310812,1213610,0.11389
"ALUP11","2149","2017","Utilidade pública",11463372,3597227,1705261,3883930,1105317,1538191,6273239,789721,330885,1131110,0.20849
"ABEV3","2326","2015","Consumo não cíclico",90176234,28314489,30141913,48331883,23580946,46720141,279978928,16513389,12423771,30658770,309636
"ABEV3","2326","2016","Consumo não cíclico",83841418,23886851,28773650,44825048,12344513,45602561,257498089,13398370,12546610,28924602,332545
"ABEV3","2326","2017","Consumo não cíclico",86851989,24718073,28688476,46008814,17874062,47899276,334313503,12929802,7331968,29857498,286391
"CBEE3","305","2015","Utilidade pública",7818528,2265388,1906229,2513420,310808,5177380,3491039,-34667,-35234,495304,5e-05
"CBEE3","305","2016","Utilidade pública",8104030,1733407,2147850,2269847,669294,4466988,4216709,-316203,-221832,507139,2e-05
"CBEE3","305","2017","Utilidade pública",9330722,2156080,2685422,3356968,510816,5338280,4299157,-148074,-102977,626442,2e-05
"ANIM3","2324","2015","Consumo cíclico",1175777,394124,238064,642118,-35768,856620,1139776,58469,64203,364004,0.23466
"ANIM3","2324","2016","Consumo cíclico",1387852,434042,268289,635692,122084,960434,1090775,19318,20845,348851,0.05842
"ANIM3","2324","2017","Consumo cíclico",1338152,410012,221467,696441,157251,1045674,2257111,48319,85152,399133,0.05444
"ARZZ3","2234","2015","Consumo cíclico",853948,658203,190772,617905,91247,1120557,1863435,164557,119663,475899,0.05806
"ARZZ3","2234","2016","Consumo cíclico",907148,706229,201830,669699,101709,1239110,2226230,157000,116149,549291,0.06101
"ARZZ3","2234","2017","Consumo cíclico",1049899,855237,356825,664960,173887,1360474,4908833,182933,154470,623768,0.1645
"AZEV4","1197","2015","Bens industriais",166971,112022,58945,45123,-4622,288380,37107,2355,1245,29333,9e-05
"AZEV4","1197","2016","Bens industriais",159365,91718,83192,5867,-20674,122302,27540,-60818,-39763,-37024,0.00039
"AZEV4","1197","2017","Bens industriais",133417,60874,99346,-78339,-5028,63770,28620,-92052,-84226,-54857,0.00036
"BTOW3","2099","2015","Consumo cíclico",9948401,5257690,3262136,2706042,-257180,9013779,3918959,-406192,-418384,1787504,0.18502
"BTOW3","2099","2016","Consumo cíclico",10241349,4936400,3119426,3077952,-785848,8601311,3493128,-723199,-485860,1712130,0.20424
"BTOW3","2099","2017","Consumo cíclico",12623127,6959525,3697406,3905963,-442410,7120777,9301335,-620690,-411450,1565895,0.38865
"BDLL4","152","2015","Bens industriais",837888,406982,397409,325091,-9493,446432,59216,-9706,-8958,51254,0.00026
"BDLL4","152","2016","Bens industriais",902838,326268,358720,321011,12295,264736,58400,-125642,-101126,4283,0.00013
"BDLL4","152","2017","Bens industriais",838044,251301,265061,211966,16857,136638,47632,-115251,-97755,-11185,0.00015
"BTTL3","1545","2015","Financeiro e outros",173795,49390,108185,-13653,4466,340339,71664,68912,51157,46892,6e-05
"BTTL3","1545","2016","Financeiro e outros",282436,74055,77102,133993,-21386,149636,52496,-6610,2201,23269,5e-05
"BTTL3","1545","2017","Financeiro e outros",130410,33827,43134,10771,-29050,215719,56504,-23546,-1356,30078,0.00026
"BALM4","156","2015","Saúde",161822,108270,42945,86166,4694,112044,87808,21246,14111,67957,4e-05
"BALM4","156","2016","Saúde",170692,95050,42355,87628,766,113105,79576,5428,3016,70046,4e-05
"BALM4","156","2017","Saúde",180845,104603,54390,88569,5534,109753,86240,2451,675,63469,3e-05
"BMKS3","169","2015","Consumo cíclico",196964,176777,5850,175106,8111,20613,96862,16577,10698,7086,0.00012
"BMKS3","169","2016","Consumo cíclico",216515,187317,11266,185980,31969,19405,130954,23924,15883,6233,8e-05
"BMKS3","169","2017","Consumo cíclico",202655,171803,4839,182499,15266,16356,156843,12476,8029,5587,0.00012
"BIOM3","1930","2015","Saúde",229673,130406,13862,115128,-13899,0,172631,15620,8282,0,0.00064
"BIOM3","1930","2016","Saúde",237385,51491,19723,65929,-38281,0,198834,-50020,-45608,0,0.00029
"BIOM3","1930","2017","Saúde",262387,64367,43317,59301,-54405,103,335436,-41032,-38128,36,0.00071
"BSEV3","2284","2015","Consumo não cíclico",10256684,2619201,3508878,-66005,-262799,4795826,1060805,33958,-323653,1507545,5e-05
"BSEV3","2284","2016","Consumo não cíclico",9293290,3335750,4092420,-463227,-463977,5452756,1634035,-99189,-286900,744698,0.00303
"BSEV3","2284","2017","Consumo não cíclico",8635436,2949887,3935654,-1453655,624367,5147716,990524,-1024660,-823162,550455,0.00644
"BOBR4","1219","2015","Consumo não cíclico",701474,296326,522012,-246794,38451,1091476,85423,-403578,-376948,402745,0.00049
"BOBR4","1219","2016","Consumo não cíclico",711099,242388,584172,-273409,128473,1097770,109752,-24432,59068,476460,0.00221
"BOBR4","1219","2017","Consumo não cíclico",685366,321212,483248,-146628,-1785,1096718,267081,102096,126824,497874,0.01011
"BBRK3","2118","2015","Financeiro e outros",499905,107081,37050,424966,-12545,166295,242174,-80596,-91099,159976,0.0618
"BBRK3","2118","2016","Financeiro e outros",424213,69718,49626,290713,-27945,110194,292088,-124226,-134140,106861,0.01407
"BBRK3","2118","2017","Financeiro e outros",376042,86595,55251,251116,-62336,89071,245450,-104622,-106160,82913,0.0364
"BRIN3","2221","2015","Financeiro e outros",486130,90280,78124,384586,5427,190763,98228,-95911,-109537,190763,0.06088
"BRIN3","2221","2016","Financeiro e outros",386003,83948,31337,341486,230,132121,148058,-84027,-96131,132121,0.01389
"BRIN3","2221","2017","Financeiro e outros",300009,63821,20450,257929,-11670,93734,89996,-75402,-82588,93734,0.01079
"BRML3","1990","2015","Financeiro e outros",20684045,1452733,1350512,9153636,913229,1364003,5135659,442953,4842,1266030,0.90375
"BRML3","1990","2016","Financeiro e outros",19402241,977898,835029,9368889,786709,1286382,7291113,-67641,171251,1173811,116410
"BRML3","1990","2017","Financeiro e outros",18003585,2274047,830202,10157334,792153,1265240,11087168,-1224132,-796281,1141387,119080
"BPHA3","2250","2015","Saúde",2333307,817919,1703057,544362,39378,3387469,35942,-701171,-654545,918389,0.03551
"BPHA3","2250","2016","Saúde",1458384,219497,1031504,304336,25249,1502656,506603,-638752,-634341,461469,0.02689
"BPHA3","2250","2017","Saúde",144941,56273,1375821,-1317339,-330065,516786,411615,-1581172,-1621675,159151,0.01407
"BRPR3","1992","2015","Financeiro e outros",9162163,1539896,770889,4640086,344222,714880,2511080,-908183,-769638,714880,0.34155
"BRPR3","1992","2016","Financeiro e outros",9180532,1128152,636473,4729143,202871,465681,2236710,-572,28846,465681,0.12944
"BRPR3","1992","2017","Financeiro e outros",9797952,1221036,704597,5876090,245801,430449,4305709,272560,277017,430449,0.15702
"BRAP4","1872","2015","Materiais básicos",9694451,377977,34290,7917193,386756,0,1669496,-2577557,-2590301,0,0.62871
"BRAP4","1872","2016","Materiais básicos",10277017,1809333,229616,7910913,61083,0,4890977,649874,629323,0,0.58234
"BRAP4","1872","2017","Materiais básicos",11322515,1790505,2476434,8806008,-55862,0,9508074,2510624,2328375,0,0.77112
"AGRO3","2003","2015","Consumo não cíclico",913039,325211,81812,774823,-5871,100097,634576,69155,45803,22031,0.00811
"AGRO3","2003","2016","Consumo não cíclico",820751,253234,122874,656429,2566,62719,601443,6141,1642,11432,0.01934
"AGRO3","2003","2017","Consumo não cíclico",920309,209348,145050,693770,-34301,174598,673603,48313,31637,60349,0.01863
"BRKM5","482","2015","Materiais básicos",59961294,17498487,16682229,2022596,8125397,47282996,16690447,4559685,3140311,10380910,0.75458
"BRKM5","482","2016","Materiais básicos",51821851,16256252,23038307,2738590,4746292,47663988,25346029,-140010,-411472,12723369,0.77051
"BRKM5","482","2017","Materiais básicos",53341550,17992328,19137732,6517851,2461620,49260594,34410051,5416713,4082990,12859846,0.80571
"BRFS3","1629","2015","Consumo não cíclico",40388014,19180049,11621113,13516777,4136660,32196601,44307621,2558268,3111170,10088909,184258
"BRFS3","1629","2016","Consumo não cíclico",42944936,18893738,12640423,11839978,1821174,33732866,38552003,-317481,-372383,7526419,142950
"BRFS3","1629","2017","Consumo não cíclico",45228481,19185523,14907874,11200211,652814,33469352,29687707,-1345500,-1125572,6904006,145488
"CAMB4","210","2015","Consumo cíclico",267560,180155,238865,707,2413,285919,37781,-25845,-28105,115538,0.00037
"CAMB4","210","2016","Consumo cíclico",224018,138148,222006,-36129,27715,276389,19275,-33257,-33351,105114,0.00029
"CAMB4","210","2017","Consumo cíclico",221653,128341,169236,6965,9133,259464,33153,8971,44731,102614,0.00014
"CCRO3","1882","2015","Bens industriais",21683494,3704623,7467459,3781828,2349825,8478865,22158119,1216343,874368,3228935,153269
"CCRO3","1882","2016","Bens industriais",24555847,4244386,7176052,3904195,4186220,9996067,28178772,2466911,1713851,3429350,134764
"CCRO3","1882","2017","Bens industriais",30612208,6424592,5912066,8159684,3339705,10560997,32623000,2711304,1797466,3939581,162768
"CCXC3","2018","2015","Materiais básicos",486144,484607,205353,280854,-28538,0,54950,-13177,-13584,0,0.00963
"CCXC3","2018","2016","Materiais básicos",36664,36660,66028,-29271,5729,0,24668,1019,-302705,0,0.00726
"CCXC3","2018","2017","Materiais básicos",19545,19545,57402,-37763,-12434,0,10718,-4213,-5855,0,0.00266
"CEBR5","1445","2015","Utilidade pública",3344728,1556221,1375506,586636,-23976,2427203,221983,148212,64666,453947,4e-05
"CEBR5","1445","2016","Utilidade pública",3156892,1206344,1293335,620362,98485,2114554,383128,99931,114607,278124,3e-05
"CEBR5","1445","2017","Utilidade pública",3637085,1695912,1625803,632979,18011,2720486,365727,302998,152082,505499,7e-05
"CEED4","2064","2015","Utilidade pública",3315964,875873,1351208,-483596,193435,3376936,193615,-555010,-514244,-204170,0
"CEED4","2064","2016","Utilidade pública",3460564,840916,1881665,-1236010,601860,2764254,285485,-567802,-527179,-287591,0
"CEED4","2064","2017","Utilidade pública",3822035,1213797,2225886,-1240478,-12161,3077322,290326,-333997,-87529,-68626,2e-05
"EEEL3","320","2015","Utilidade pública",3036365,502924,437586,1481954,617589,661254,234568,73272,84947,162713,3e-05
"EEEL3","320","2016","Utilidade pública",4180738,404517,350242,2181733,154411,1940657,796702,1214104,923782,1403595,5e-05
"EEEL3","320","2017","Utilidade pública",4726199,1072322,836816,2324299,509989,1017226,1597323,388049,395083,181407,3e-05
"CLSC3","246","2015","Utilidade pública",7988928,3589141,3342708,2224728,643986,6864695,696020,174050,130674,487234,1e-05
"CLSC3","246","2016","Utilidade pública",8628715,3765539,4072723,2075843,750149,6108740,612893,-26553,-9817,524596,1e-05
"CLSC3","246","2017","Utilidade pública",9060252,3872617,4486667,1842238,321469,7091235,1090302,156156,66485,879556,1e-05
"CELP3","1830","2015","Utilidade pública",6856209,2560150,2209875,1844970,556618,4187313,4394995,597229,520226,866483,0.00071
"CELP3","1830","2016","Utilidade pública",7791993,3035484,2084922,2118012,140703,4513037,5081087,421479,351556,1085403,0.00059
"CELP3","1830","2017","Utilidade pública",8596199,3147581,2028985,2582714,531181,5150974,3977537,522727,613531,1414483,0.00061
"CEPE5","1436","2015","Utilidade pública",5112040,1524615,1745424,1655970,476852,4509558,1461441,42187,19096,684904,7e-05
"CEPE5","1436","2016","Utilidade pública",5525143,1334439,1919138,1574332,345501,4726776,1380322,13486,-333,684681,3e-05
"CEPE5","1436","2017","Utilidade pública",6676000,1815494,2164656,1537356,-87044,5318409,1155748,59343,56395,710852,8e-05
"RANI3","242","2015","Materiais básicos",1658591,377185,380413,396615,89909,758758,494675,962,495,221871,0.00019
"RANI3","242","2016","Materiais básicos",1679951,444287,445377,445191,40184,776795,394904,-35112,-10782,210767,0.00019
"RANI3","242","2017","Materiais básicos",1501839,345461,301759,340713,77919,859169,326522,-100571,-108173,225897,0.00026
"ENMA3B","1660","2015","Utilidade pública",5119339,2274153,965709,1948274,648595,2738793,2950385,443114,363803,808678,0.00038
"ENMA3B","1660","2016","Utilidade pública",5628193,2337609,1281632,2176199,346831,3064644,4063552,489413,399794,915743,0.00024
"ENMA3B","1660","2017","Utilidade pública",6553340,2877884,1452571,2447799,439940,3370836,4104597,591559,489617,1097200,0.00021
"CMIG4","245","2015","Utilidade pública",40857089,9376738,13074072,12983698,3007236,21292211,7643700,3361586,2468500,5509013,0.99361
"CMIG4","245","2016","Utilidade pública",42035853,8285470,11447460,12930281,1213383,18772656,9772877,367927,334334,4343826,113757
"CMIG4","245","2017","Utilidade pública",42239589,8537303,8662284,14325986,579575,21711690,8450839,1645856,1000954,4224570,117678
"CESP6","257","2015","Utilidade pública",11986763,1022615,998224,7310892,1230286,2950982,4036226,90808,-61357,1530375,0.45547
"CESP6","257","2016","Utilidade pública",11416449,833534,852390,7161537,585229,1668590,4353168,417431,305095,883550,0.44992
"CESP6","257","2017","Utilidade pública",11131537,677261,741110,7114565,241778,1476615,4145474,-67004,-168528,291676,0.37507
"HGTX3","1476","2015","Consumo cíclico",1472492,965638,262072,1173964,232654,1588889,2446954,255175,281170,627554,0.36058
"HGTX3","1476","2016","Consumo cíclico",1528691,1007976,275152,1209407,287746,1475137,2432884,197600,199417,582026,0.16587
"HGTX3","1476","2017","Consumo cíclico",1538160,1019690,286346,1232912,250999,1562321,4146443,278857,263781,690048,0.29624
"CIEL3","2173","2015","Financeiro e outros",29977801,12675854,8063954,6520677,2842956,11122314,63210697,5434831,3511436,5811630,215230
"CIEL3","2173","2016","Financeiro e outros",30544070,13743400,7852780,9243401,5129403,12300784,62906552,6020776,4005450,6306025,207320
"CIEL3","2173","2017","Financeiro e outros",88347181,71933612,62597366,11701352,5520233,11600341,63837354,6085809,4056078,5826620,192330
"CEEB3","1452","2015","Utilidade pública",10695862,2555558,2660525,2988461,1149677,6718078,4883193,443746,336103,1423144,8e-05
"CEEB3","1452","2016","Utilidade pública",10529884,2161174,3031962,2955708,214536,7067284,4417771,272483,259677,1358624,7e-05
"CEEB3","1452","2017","Utilidade pública",12553676,3014431,3927324,3165688,326661,8138430,4875839,212098,177044,1196444,8e-05
"COCE5","1486","2015","Utilidade pública",4609720,1566458,1357339,2005047,474294,4130164,2687908,440351,363070,690016,0.01156
"COCE5","1486","2016","Utilidade pública",4923865,1608748,1507204,2313456,1061594,4097446,3891986,486138,393057,760354,0.00975
"COCE5","1486","2017","Utilidade pública",5700068,1823546,1932620,2582914,746801,4594419,3969363,542481,435779,744949,0.00718
"CGAS5","1563","2015","Utilidade pública",8868031,2789980,2047974,3181402,1933112,6597017,4658057,988658,698852,2016813,0.01697
"CGAS5","1563","2016","Utilidade pública",8668792,3012836,1985145,2590749,2087724,5657246,5307837,1312517,901099,2483112,0.04118
"CGAS5","1563","2017","Utilidade pública",8666565,3301482,3126675,2017083,1637103,5537857,7291691,917545,640121,2045482,0.05202
"CSMG3","1944","2015","Utilidade pública",10930739,1513416,1086708,5646850,733481,3834469,1849569,-27980,-11592,1136258,0.09119
"CSMG3","1944","2016","Utilidade pública",10947481,1724671,1131451,5939687,780436,4032875,4613381,600499,434161,1548477,0.16307
"CSMG3","1944","2017","Utilidade pública",10809992,1703307,1256297,6244343,1014711,4326401,5484236,758700,560438,1835406,0.34803
"CPLE6","1431","2015","Utilidade pública",28947657,6933397,4789118,14245728,1320728,14728131,5446068,1797780,1192738,2928815,0.37929
"CPLE6","1431","2016","Utilidade pública",30434209,4402990,5656036,14864165,1476818,13101753,6286354,1478358,958650,2867638,0.35544
"CPLE6","1431","2017","Utilidade pública",33162377,5701834,6109914,15207842,989206,14024573,6047456,1392941,1033626,3358683,0.34509
"CSAN3","1983","2015","Consumo não cíclico",30382191,5165823,3345053,8846188,1863183,8451901,10227592,901321,666584,2528580,0.60091
"CSAN3","1983","2016","Consumo não cíclico",27299829,6303857,3222805,8965606,2235238,7541793,15537153,1485562,1036085,2955241,0.57001
"CSAN3","1983","2017","Consumo não cíclico",28539273,7780048,4991391,9446670,1792909,7670777,16861372,1968255,1315324,2624893,0.62292
"RLOG3","2348","2015","Bens industriais",21745662,1489603,3491628,1113277,1513025,4037923,430208,-121899,-30030,1266042,0.10095
"RLOG3","2348","2016","Bens industriais",23038008,2308031,3395517,1540225,1449637,5014555,1828788,-767842,-206694,1245408,0.05855
"RLOG3","2348","2017","Bens industriais",26237350,4413732,3515606,2211007,2307767,5946349,4293908,-253797,-79515,1725361,0.05137
"CZLT33","8007","2015","Consumo não cíclico",52307668,6835231,6922633,6016966,3350563,12458251,3793020,874128,459790,3794616,0.06257
"CZLT33","8007","2016","Consumo não cíclico",50469850,8769009,6629067,6272463,3635388,12518139,6577568,555987,277804,4200649,0.03828
"CZLT33","8007","2017","Consumo não cíclico",55624511,13033936,9022320,6038757,4088101,13582463,7920997,1474652,551021,4350253,0.07321
"CSRN3","1813","2015","Utilidade pública",2399009,746743,553587,852888,366898,1758245,1535378,222227,186151,416091,4e-05
"CSRN3","1813","2016","Utilidade pública",2403868,631386,704843,845143,298565,1794204,2404255,191591,171260,418878,3e-05
"CSRN3","1813","2017","Utilidade pública",2865493,908765,899879,852438,114365,2160031,3075754,230135,188278,408287,3e-05
"CTNM4","315","2015","Consumo cíclico",3328993,1777891,1109745,877874,-124881,2577862,68625,-68719,-77803,656529,0.00066
"CTNM4","315","2016","Consumo cíclico",3338866,1575441,1120881,720216,39397,2658850,107397,-204725,-140823,680516,0.00035
"CTNM4","315","2017","Consumo cíclico",3539483,1565125,1097003,825938,11870,2577728,187830,57513,49808,669755,0.00072
"CPFE3","1866","2015","Utilidade pública",40532471,12508652,9524873,7674196,2557974,20205869,15073956,1454454,864940,3937825,0.53193
"CPFE3","1866","2016","Utilidade pública",42170992,11379187,9018493,7970020,4634026,19112089,25661631,1380547,900885,4306020,0.69023
"CPFE3","1866","2017","Utilidade pública",41282912,9581212,11378688,8961528,2034024,26744905,19696650,1846670,1179750,4997632,0.41371
"CPRE3","2054","2015","Utilidade pública",11904102,1296419,1174865,4176063,375459,1499356,5788046,504,-54447,712387,0.00077
"CPRE3","2054","2016","Utilidade pública",12464885,1398797,1313468,4324588,662588,1646588,5884176,-97396,-151901,790507,0.00268
"CPRE3","2054","2017","Utilidade pública",12856002,1623644,1956998,4032448,836377,1959084,6719739,93771,11484,952456,0.00664
"CRDE3","2063","2015","Consumo cíclico",290342,177901,27327,236044,85903,29446,65398,-26867,-37077,9329,5e-04
"CRDE3","2063","2016","Consumo cíclico",230247,120521,13326,188761,13013,17094,67820,-29203,-47303,4812,0.00066
"CRDE3","2063","2017","Consumo cíclico",221893,89677,10849,184271,8735,11488,71696,-3719,-4490,3239,0.00092
"CREM3","2014","2015","Saúde",828153,478956,347513,173971,13836,874403,525484,21333,25219,257311,7e-05
"CREM3","2014","2016","Saúde",636632,323852,315504,152546,-6149,741477,261968,10695,7883,223273,6e-05
"CREM3","2014","2017","Saúde",671562,394211,321445,168356,66315,652407,498748,18195,14368,202342,0.00032
"CRPG5","1139","2015","Materiais básicos",562292,388630,153443,341905,33984,422591,87950,-16556,-20908,31187,0.00016
"CRPG5","1139","2016","Materiais básicos",644348,426387,124703,421779,53155,484948,140153,90399,83999,66847,0.00095
"CRPG5","1139","2017","Materiais básicos",592604,382987,69336,428693,4467,112338,400524,8059,2761,20621,0.00364
"CARD3","2004","2015","Bens industriais",375979,84909,99560,171176,55888,463570,122916,25194,19010,103424,0.00415
"CARD3","2004","2016","Bens industriais",354459,96932,107073,193430,73644,465825,202203,47034,34907,121772,0.01092
"CARD3","2004","2017","Bens industriais",400562,134297,112221,223877,94189,486852,406470,61236,45199,136279,0.05769
"CVCB3","2331","2015","Consumo cíclico",2847910,2181916,1868679,569304,163837,881879,1808058,267553,171187,881879,0.11712
"CVCB3","2331","2016","Consumo cíclico",3328429,2639039,2347956,626693,160037,1063929,3148399,299598,177714,1063929,0.24779
"CVCB3","2331","2017","Consumo cíclico",4778368,3632800,2930510,794251,50570,1185145,6871905,341019,223892,1185145,0.41747
"CCPR3","2104","2015","Financeiro e outros",4856183,714275,516869,1200630,-271085,384293,1026978,84055,23308,253451,0.00045
"CCPR3","2104","2016","Financeiro e outros",4832899,578632,511928,1175680,157148,421251,1182218,44872,-21326,257566,0.00031
"CCPR3","2104","2017","Financeiro e outros",3639428,461742,331279,1161008,146647,446272,1062802,259169,174204,259475,0.00043
"CYRE3","1446","2015","Consumo cíclico",12729588,8438709,3037540,5887043,648988,4341184,2843108,690404,447800,1503079,0.58353
"CYRE3","1446","2016","Consumo cíclico",11879699,7916960,2276008,6013556,6233,3195310,3924670,318343,151352,1062523,0.58968
"CYRE3","1446","2017","Consumo cíclico",10401541,6640859,2203122,5924591,579420,2673770,5059400,54630,-95004,734513,0.52518
"DASA3","1962","2015","Saúde",4681796,1352144,748472,2789044,494329,2794399,3139982,53312,23813,768403,0.00613
"DASA3","1962","2016","Saúde",5124727,1531793,951824,2860034,841937,3040775,5480849,195388,94738,964574,0.00119
"DASA3","1962","2017","Saúde",6246487,1576451,1493379,3335463,653235,3399308,8533894,180528,131443,1160728,0.00016
"PNVL3","934","2015","Saúde",759967,539884,315609,344142,72556,1986026,1259065,62001,45268,451572,0.00323
"PNVL3","934","2016","Saúde",820973,590440,370484,381650,101603,2128732,2854129,72712,53059,520285,0.00351
"PNVL3","934","2017","Saúde",950172,705024,403768,426747,40885,2258246,1787206,73945,59798,536510,0.00146
"DIRR3","2135","2015","Consumo cíclico",3887452,2434863,668383,1645541,196772,1569577,513398,179498,123647,330483,0.10984
"DIRR3","2135","2016","Consumo cíclico",4089767,2518272,753276,1594183,125916,1358078,667197,20202,-11862,156299,0.08799
"DIRR3","2135","2017","Consumo cíclico",4141764,2351425,701791,1454964,38593,751857,827372,-120710,-143781,37458,0.13792
"DOHL4","520","2015","Consumo cíclico",644251,301090,58431,493466,17178,398264,283216,35935,28205,110167,0.00011
"DOHL4","520","2016","Consumo cíclico",641824,299558,39973,510885,45242,429173,421856,18944,15457,103786,6e-05
"DOHL4","520","2017","Consumo cíclico",672917,328445,51158,533809,12995,460013,350994,38008,34141,131653,0.00016
"DTCY3","1859","2015","Consumo cíclico",18994,5789,8705,2515,653,13603,25821,-436,-436,3833,2e-04
"DTCY3","1859","2016","Consumo cíclico",24604,12468,10705,2561,-2080,14915,28042,3,-117,6033,2e-04
"DTCY3","1859","2017","Consumo cíclico",24101,9877,15423,177,7267,16410,26484,4374,3170,5974,6e-05
"DAGB33","8011","2015","Consumo cíclico",41044598,7345992,6801216,12476634,1494265,21800963,25812145,-163106,-277137,12701307,0.15368
"DAGB33","8011","2016","Consumo cíclico",31758230,6373782,5484678,9803232,2413265,27490512,21830169,134953,-46185,16093540,0.09177
"DAGB33","8011","2017","Consumo cíclico",33913875,7532441,5930630,10625293,2396826,27301085,26463458,677804,196707,16223317,0.02933
"DTEX3","2109","2015","Materiais básicos",9008059,2767638,1296843,4532481,574484,3963214,3912166,106282,183497,1099801,0.33201
"DTEX3","2109","2016","Materiais básicos",9340796,3214706,1197206,4569507,450598,3909760,4687233,17843,23646,1009132,0.32761
"DTEX3","2109","2017","Materiais básicos",9465574,3023458,1551576,4715365,404698,3990866,6341615,215228,184875,1143769,0.37613
"ECOR3","1945","2015","Bens industriais",7860983,1118135,1727597,1582475,1161024,2900707,2832412,257733,108974,1280518,0.40783
"ECOR3","1945","2016","Bens industriais",6603407,1150717,1656701,499964,1100030,2828996,4585280,220112,-964622,1283561,0.6519
"ECOR3","1945","2017","Bens industriais",7815758,2139393,1759574,658623,1285785,3200704,6844532,756249,392486,1557547,0.63417
"EKTR4","1748","2015","Utilidade pública",6894061,2899505,2213407,1962445,657301,5578743,4238765,519125,371179,910032,8e-05
"EKTR4","1748","2016","Utilidade pública",6676133,2512019,2183529,1998294,1010255,4754980,3873248,477769,351688,738237,3e-05
"EKTR4","1748","2017","Utilidade pública",6453521,2239052,2365178,2030301,477760,5811495,4417711,537872,374425,882932,1e-04
"ELET3","243","2015","Utilidade pública",149645408,29437396,28099643,42092014,6980475,32588838,9034105,-14243546,-14441607,15597279,0.34316
"ELET3","243","2016","Utilidade pública",170499429,29272652,31138510,44203470,1888738,60748853,31671129,12024095,3425899,44537919,0.60037
"ELET3","243","2017","Utilidade pública",172975359,37358727,34186952,42339377,2385569,37876024,27051811,-200398,-1763805,22502386,0.71459
"LIPR3","1578","2015","Utilidade pública",172753,76151,13636,145007,-9126,0,575260,5936,5310,0,3e-05
"LIPR3","1578","2016","Utilidade pública",221079,61562,12041,188624,6149,0,639962,36389,35509,0,2e-05
"LIPR3","1578","2017","Utilidade pública",243351,106665,19445,201037,6480,0,622904,50314,39219,0,3e-05
"ELPL3","1417","2015","Utilidade pública",13274827,4594108,4520867,2839145,-316180,13667413,1512258,158973,101136,472878,1e-05
"ELPL3","1417","2016","Utilidade pública",13565197,3719023,3888707,2694812,1701541,11659899,2652398,15411,20923,243871,1e-05
"ELPL3","1417","2017","Utilidade pública",14270404,3410186,4433087,1808432,439997,13168492,2686076,-1264270,-844424,538146,0.02548
"EMAE4","1699","2015","Utilidade pública",1098255,183716,70240,760707,-30827,198444,154808,66094,59790,35501,0.00012
"EMAE4","1699","2016","Utilidade pública",1125762,222288,94413,722939,-40541,206607,317005,77486,54980,32925,0.00032
"EMAE4","1699","2017","Utilidade pública",1245025,273816,96414,819875,4111,209510,336218,156194,119146,23242,0.00041
"EMBR3","2008","2015","Bens industriais",45566910,25035864,12029013,14610956,3632763,20301771,22248551,1101892,241601,3756413,0.88917
"EMBR3","2008","2016","Bens industriais",38016671,22102148,10367249,12543600,-309018,21435696,11752944,555821,585433,4269592,0.8706
"EMBR3","2008","2017","Bens industriais",39484906,23326892,9204804,13459297,2505920,18713045,14660820,926323,795788,3421370,0.78875
"ENBR3","1976","2015","Utilidade pública",18412340,4863321,3924170,5811654,1567889,10107957,5725911,1762686,1265936,2121344,0.54
"ENBR3","1976","2016","Utilidade pública",19243826,4663745,3976461,7523306,2331286,9364772,8121646,989187,666602,2165056,0.6804
"ENBR3","1976","2017","Utilidade pública",20607952,5454157,4526264,7881837,1377762,12373375,8476720,1044160,611855,2322949,0.50646
"ENGI11","1525","2015","Utilidade pública",18502182,5879295,4716057,2211653,1058652,11935130,3869579,-181279,324922,1647902,0.00028
"ENGI11","1525","2016","Utilidade pública",20022820,6347068,5011302,3681867,1765051,11810695,6534306,344080,154717,1826607,0.10373
"ENGI11","1525","2017","Utilidade pública",22048356,7098724,5745441,3843453,1249281,13637154,11540757,606890,558612,1887926,0.19384
"ENMT3","1460","2015","Utilidade pública",4666751,1367317,1088625,1349626,255111,3483404,1217849,69679,45246,310151,7e-05
"ENMT3","1460","2016","Utilidade pública",5329113,1512425,1390232,1793609,507044,3331068,2767838,115291,120189,543498,3e-05
"ENMT3","1460","2017","Utilidade pública",5917524,1624445,1597969,1798848,181314,3851287,3832392,35543,4772,502624,2e-05
"ENEV3","2123","2015","Utilidade pública",8492078,921556,1433619,3587014,146664,1518633,2264777,147861,142637,399795,0.02021
"ENEV3","2123","2016","Utilidade pública",10360571,1249601,1740974,4493678,664977,2160983,2845623,11713,-108107,731940,0.01155
"ENEV3","2123","2017","Utilidade pública",10907381,1877257,1152007,5390443,1009715,2721773,4378361,185054,95498,1110135,0.03363
"EGIE3","1732","2015","Utilidade pública",15300673,4443105,2988664,6639872,2578612,6512037,21860336,2033232,1500392,2708942,0.47403
"EGIE3","1732","2016","Utilidade pública",14419691,3355091,1800794,6611227,2524794,6442371,22845977,2066773,1547303,2740914,0.55836
"EGIE3","1732","2017","Utilidade pública",19568513,3735779,5676471,6830594,331802,7009957,23178875,2623380,2003412,3006086,0.47312
"EQTL3","2001","2015","Utilidade pública",12585887,5158351,3131472,3479252,1197712,7252942,6799631,1121063,808482,1803932,0.76335
"EQTL3","2001","2016","Utilidade pública",14219520,5927532,3416305,4023998,867699,7952181,10807973,1050012,712217,2148781,0.73681
"EQTL3","2001","2017","Utilidade pública",17488452,7494200,4074347,4786085,1057111,9071420,13047509,1241116,997263,2625035,0.69227
"ESTC3","2101","2015","Consumo cíclico",4360083,2118041,746183,2680592,78267,2939422,4293643,484235,484674,1278914,0.88201
"ESTC3","2101","2016","Consumo cíclico",4141152,1453695,937314,2434673,836741,3184505,4872694,372793,368102,1375463,0.70951
"ESTC3","2101","2017","Consumo cíclico",4021095,1663480,842944,2777257,699990,3378979,10155624,432058,424590,1601866,102122
"ESTR4","842","2015","Consumo cíclico",224356,125758,422462,-329938,2743,169010,7275,-41596,-44896,71642,5e-04
"ESTR4","842","2016","Consumo cíclico",227687,113117,494312,-392417,11522,140950,10185,-62480,-62480,69810,0.00259
"ESTR4","842","2017","Consumo cíclico",225237,108512,523306,-435998,6364,142743,8969,-43580,-43580,79308,0.00114
"ETER3","576","2015","Bens industriais",933194,412320,205820,500098,57632,974872,373987,68617,29420,376757,0.01742
"ETER3","576","2016","Bens industriais",842448,356975,168489,459633,60823,827275,236202,-27727,-37683,263202,0.02129
"ETER3","576","2017","Bens industriais",563622,297457,148779,170502,64236,665739,164626,-244946,-276388,163810,0.02365
"EUCA4","577","2015","Materiais básicos",2018421,467223,551987,1173328,133286,1143261,253374,-12450,10508,332596,0.00193
"EUCA4","577","2016","Materiais básicos",2014448,467471,538635,1201220,101364,1144450,258958,36441,33578,319104,0.00333
"EUCA4","577","2017","Materiais básicos",2039758,475101,554266,1237334,145317,1205361,459041,31305,41937,329601,0.00472
"EVEN3","2052","2015","Consumo cíclico",5136789,3607509,1212047,2159451,-60880,2205111,885499,196501,101366,520253,0.28105
"EVEN3","2052","2016","Consumo cíclico",5018723,4008990,1192013,2126938,-63137,1743088,823001,81374,1868,336885,0.12365
"EVEN3","2052","2017","Consumo cíclico",4729857,3936596,1450171,1757466,471315,1583950,1262701,-305840,-378661,220158,0.12999
"BAUH4","157","2015","Consumo não cíclico",54922,27522,21873,28437,7568,113799,39165,8413,5521,33807,0.00029
"BAUH4","157","2016","Consumo não cíclico",69969,41616,31528,34300,12261,134019,46737,11600,7689,39798,0.00014
"BAUH4","157","2017","Consumo não cíclico",81103,49360,35409,41483,8430,163050,57442,14019,9421,42701,0.00024
"EZTC3","2077","2015","Consumo cíclico",3291023,1779434,318640,2702292,74057,814363,2004066,473279,444011,416959,0.20478
"EZTC3","2077","2016","Consumo cíclico",3516165,2263087,445047,2827829,117762,572227,2582278,248447,230213,270103,0.19684
"EZTC3","2077","2017","Consumo cíclico",3103748,1713909,388734,2535342,735306,980323,3572289,384199,358828,434644,0.22374
"FHER3","2062","2015","Materiais básicos",3333510,1875179,3006752,246014,-364355,6308405,72707,-514982,-335967,551618,0.00638
"FHER3","2062","2016","Materiais básicos",2855544,1575793,2344201,289207,-194451,5194970,110407,60317,43190,637228,0.00633
"FHER3","2062","2017","Materiais básicos",2945048,1621346,2651298,163603,-120878,4789723,137336,-192852,-125604,459674,0.01006
"FESA4","306","2015","Materiais básicos",1643335,677454,225931,1334987,12839,936230,658178,191387,173226,354581,0.01773
"FESA4","306","2016","Materiais básicos",1657620,658305,173712,1352254,300693,1096154,773246,41901,69660,173714,0.03429
"FESA4","306","2017","Materiais básicos",1856461,888379,169103,1517060,392391,1108722,1678481,308888,269852,391794,0.04615
"FIBR3","1279","2015","Materiais básicos",29433978,5460578,2955299,12752368,4479018,10080667,28707990,-160941,342185,4202458,106149
"FIBR3","1279","2016","Materiais básicos",34440328,7516856,4023121,13751074,3924077,9614817,17643033,3043667,1654848,2506471,107002
"FIBR3","1279","2017","Materiais básicos",38693331,10530161,5789807,14577163,4105761,11739153,26469836,1535449,1085265,3490737,0.89948
"FLRY3","2188","2015","Saúde",3203997,1132210,417657,1655439,368922,1894960,2500694,172480,107343,502886,0.06193
"FLRY3","2188","2016","Saúde",3005820,933225,409182,1535725,513870,2096113,5601154,294376,228749,601051,0.25374
"FLRY3","2188","2017","Saúde",3527332,1267037,639146,1706528,529607,2383012,9336394,427765,320618,736076,0.54972
"FJTA4","617","2015","Bens industriais",1022340,591905,802939,-60116,79189,823809,61077,-279502,-151702,242073,0.00156
"FJTA4","617","2016","Bens industriais",893057,472452,385897,-171901,36276,830273,96419,-100949,-103027,193201,0.00226
"FJTA4","617","2017","Bens industriais",768958,451459,965691,-445233,33823,784876,129326,-276994,-286028,116729,0.00581
"FRAS3","621","2015","Bens industriais",970959,512512,266800,432142,194571,875026,463501,67336,52153,255585,0.00126
"FRAS3","621","2016","Bens industriais",1202304,796359,240781,772136,-73356,812651,926925,86281,64281,232043,0.00638
"FRAS3","621","2017","Bens industriais",1356465,864781,418321,780895,128706,832831,1150074,83595,64065,217167,0.00793
"GFSA3","1610","2015","Consumo cíclico",6760332,4316764,2048969,3095491,91748,2294319,892979,78159,74449,626814,0.27352
"GFSA3","1610","2016","Consumo cíclico",5210089,3400200,2275550,1928325,269666,915698,676863,-501941,-1163596,-113515,0.32679
"GFSA3","1610","2017","Consumo cíclico",2878138,1732925,1213686,755557,206865,608823,554507,-971412,-849856,-209928,0.17097
"GSHP3","2100","2015","Financeiro e outros",3235583,281801,324502,780300,5154,262831,182000,-510180,-551955,226518,0.00564
"GSHP3","2100","2016","Financeiro e outros",3300170,224634,341915,973225,115983,259227,303240,215875,183379,222215,0.00134
"GSHP3","2100","2017","Financeiro e outros",3560307,1196966,253064,1224686,97773,252290,385494,173062,251461,224352,0.00088
"GEPA3","1836","2015","Utilidade pública",4182588,659620,757069,1813883,537503,1216220,3777320,255038,182647,529737,2e-05
"GEPA3","1836","2016","Utilidade pública",4388123,1015250,1333786,1771988,771282,1333311,3368110,497805,361040,712445,1e-05
"GEPA3","1836","2017","Utilidade pública",4509694,1163144,1591815,1693669,558322,1453347,3707754,318689,243881,462585,0.00047
"GGBR4","398","2015","Materiais básicos",70094709,22177498,7863031,31685801,7162318,43581241,7173878,-6094408,-4551438,4290715,138981
"GGBR4","398","2016","Materiais básicos",54635141,17796740,8621509,24028136,3516366,37651667,16798047,-2581615,-2890811,3463726,199805
"GGBR4","398","2017","Materiais básicos",50301761,17982113,7714120,23645201,2076128,36917619,20011024,-43276,-359360,3604624,165154
"GOAU4","865","2015","Materiais básicos",70218773,22294899,8320413,12030395,6781077,43581241,1458624,-6500517,-2329054,4290715,0.62376
"GOAU4","865","2016","Materiais básicos",54758969,17916040,9047092,8584763,3325678,37651667,4441036,-2852215,-1377867,3463726,126727
"GOAU4","865","2017","Materiais básicos",50351780,18028804,7727031,8486880,2050975,36917619,5419213,-109805,-203286,3604624,123571
"GOLL4","1956","2015","Bens industriais",10368397,2461566,5542008,-4546462,-599467,9778007,869646,-3447100,-4460883,1517650,0.27129
"GOLL4","1956","2016","Bens industriais",8404355,2080714,4848742,-3649998,-21067,9867335,1594351,1361422,849619,2309213,0.31847
"GOLL4","1956","2017","Bens industriais",10004748,3344998,5750045,-3480959,672753,10576022,5076696,70996,19184,2894646,0.43395
"GPIV33","8002","2015","Financeiro e outros",3049375,662310,117628,1205763,-254895,-472086,839063,-691142,-271833,-472086,0.01595
"GPIV33","8002","2016","Financeiro e outros",2986065,964179,67159,1087709,-65020,574321,759266,200769,69639,574321,0.00684
"GPIV33","8002","2017","Financeiro e outros",3161897,910050,68692,1249673,-94575,474753,633233,272427,127682,474753,0.00375
"GPCP3","1663","2015","Materiais básicos",710682,308740,406299,-22469,36380,397670,32296,-57031,-40829,68532,0.00062
"GPCP3","1663","2016","Materiais básicos",726912,326023,256234,19319,39108,437885,138304,58008,52592,92323,0.00154
"GPCP3","1663","2017","Materiais básicos",809693,185617,143687,155967,2785,483875,102349,74399,81156,74506,0.00043
"CGRA4","453","2015","Consumo cíclico",598401,308620,89333,431803,83124,387749,209362,62826,46618,195734,0.00242
"CGRA4","453","2016","Consumo cíclico",643833,350528,134086,459292,81211,390440,348690,82695,64012,206341,0.00286
"CGRA4","453","2017","Consumo cíclico",681187,374555,147529,478290,43018,428278,538667,80726,61400,224531,0.00443
"GRND3","1961","2015","Consumo cíclico",3045642,1908661,354500,2616489,442718,2202796,5063030,583079,551223,1067883,0.11859
"GRND3","1961","2016","Consumo cíclico",3253820,2492979,275383,2921998,551471,2045115,5285427,668112,634492,996527,0.10679
"GRND3","1961","2017","Consumo cíclico",3576008,2846997,322074,3217609,525726,2251972,8555256,704092,660929,1100756,0.1428
"GUAR3","466","2015","Consumo cíclico",7032835,4131787,2715554,3390108,345864,5507306,2946840,379291,350215,3326174,0.02289
"GUAR3","466","2016","Consumo cíclico",7720762,4776437,3045311,3616350,417426,5921650,3675672,275495,317551,3574225,0.01316
"GUAR3","466","2017","Consumo cíclico",7981777,5037500,2824679,4025042,451498,6444659,9011443,775776,570327,4106251,0.04288
"HBTS5","329","2015","Financeiro e outros",1235799,95277,100360,437388,11161,70566,51240,15416,6049,22314,3e-05
"HBTS5","329","2016","Financeiro e outros",1290407,64180,116342,463206,8472,53424,67315,6172,-4899,10044,1e-05
"HBTS5","329","2017","Financeiro e outros",1181873,137509,118449,350309,8963,22677,73983,-130179,-117255,-25330,2e-05
"HAGA4","1336","2015","Bens industriais",51759,40073,24283,-84843,7091,29640,22570,3667,3146,10279,0.00073
"HAGA4","1336","2016","Bens industriais",57555,46422,24887,-81572,7887,26475,35581,3721,3270,9168,6e-04
"HAGA4","1336","2017","Bens industriais",59215,48760,26143,-82978,3625,24410,37287,-953,-1406,7232,0.00122
"HBOR3","2087","2015","Consumo cíclico",5083155,3812225,1249605,1381536,-369654,1307399,404589,155380,68873,299833,0.07292
"HBOR3","2087","2016","Consumo cíclico",5359180,3914591,1710014,1395700,-224514,901954,492946,-94718,-103207,96583,0.03668
"HBOR3","2087","2017","Consumo cíclico",4968060,3654495,1008991,1365205,8119,518142,886167,-357021,-309123,-30597,0.09348
"HETA4","662","2015","Consumo cíclico",7394,1623,7663,-338325,34,1758,4182,-6738,-6738,1758,0.00019
"HETA4","662","2016","Consumo cíclico",8424,1016,6740,-335244,-19,2712,2132,3197,3045,2712,9e-05
"HETA4","662","2017","Consumo cíclico",8593,1098,32993,-387752,-1,2547,4447,-18792,-52508,2547,9e-05
"HOOT4","670","2015","Consumo cíclico",572730,66281,197620,-73566,12866,144730,64302,-25163,-23818,95586,0.00013
"HOOT4","670","2016","Consumo cíclico",576959,64763,213410,-77789,8322,143684,60811,-2208,-4223,94964,0.00013
"HOOT4","670","2017","Consumo cíclico",540448,38554,289978,-117904,9006,117447,49421,-41208,-40115,67532,0.00029
"HYPE3","2143","2015","Consumo não cíclico",15823430,9771757,3350320,8030455,323692,2956649,13725874,368002,559872,2210138,0.95702
"HYPE3","2143","2016","Consumo não cíclico",11485416,5351683,1741233,8810602,881756,3288747,16451301,876848,1174574,2441960,119907
"HYPE3","2143","2017","Consumo não cíclico",10130437,3927541,1710737,7737759,932612,3638458,22165171,1213347,964942,2711712,105097
"IDNT3","1841","2015","Tecnologia da informação",342002,142015,308987,-120082,83540,720000,212472,-227036,-209337,129803,0.00592
"IDNT3","1841","2016","Tecnologia da informação",95034,24859,1105,-10769,-177514,941,70116,140794,104935,941,0.00335
"IDNT3","1841","2017","Tecnologia da informação",55247,2860,8347,2402,-17029,486,169814,24668,18837,486,0.00526
"IGBR3","681","2015","Consumo cíclico",219172,1798,36490,-713670,-2,8563,31888,-77405,-77405,6792,0.00114
"IGBR3","681","2016","Consumo cíclico",229278,8233,43083,-811126,5804,8337,17132,-97456,-97456,6662,0.00128
"IGBR3","681","2017","Consumo cíclico",243166,1104,78364,-767123,612,4522,14381,44003,44003,3501,0.00122
"IGTA3","2049","2015","Financeiro e outros",5057018,625173,550685,2627192,325895,636254,3336459,241002,191091,425505,0.2571
"IGTA3","2049","2016","Financeiro e outros",5230634,755200,428613,2734937,358602,668147,4708873,203208,161583,460033,0.2739
"IGTA3","2049","2017","Financeiro e outros",5062802,659725,321527,2798130,341992,692156,6952945,262416,215726,480051,0.51941
"MEAL3","2357","2015","Consumo cíclico",2226023,964661,574253,1192129,41463,1615058,341631,-128616,-98901,477792,0.03451
"MEAL3","2357","2016","Consumo cíclico",1503408,348983,248593,1030654,75554,1540638,805297,-64423,-76430,472412,0.04481
"MEAL3","2357","2017","Consumo cíclico",1512424,372525,244631,996302,69758,1494511,1412834,19718,3666,465575,0.10265
"ROMI3","751","2015","Bens industriais",1219716,703173,247562,670719,159315,606632,114182,8855,6254,138027,0.00711
"ROMI3","751","2016","Bens industriais",1084120,622374,290889,599962,85180,586917,160287,-48217,-39695,116996,0.0075
"ROMI3","751","2017","Bens industriais",1075423,592193,280526,641969,123070,672873,484004,55093,37662,189637,0.01423
"INEP4","759","2015","Bens industriais",2285555,643427,1612342,-349448,207231,451017,32895,-344382,-208001,171290,0.00211
"INEP4","759","2016","Bens industriais",1949395,555752,1947230,-967463,-235685,68850,21846,-601806,-638690,20354,0.00116
"INEP4","759","2017","Bens industriais",1808994,506958,2074407,-1283850,-13065,39803,18222,-317277,-321064,8046,0.00103
"MYPK3","1193","2015","Consumo cíclico",7990379,2727855,3088750,2153447,149954,6846456,1163543,132842,49366,892028,0.17648
"MYPK3","1193","2016","Consumo cíclico",7057115,2364711,2521719,1783985,253963,6816454,1101602,134832,21531,971788,0.17714
"MYPK3","1193","2017","Consumo cíclico",7922248,3048763,3060854,2387853,303396,7487940,3211835,149348,6403,1154978,0.25911
"ITSA4","761","2015","Financeiro e outros",54830000,6114000,3183000,44846000,986000,4885000,46861260,8976000,8868000,1154000,312102
"ITSA4","761","2016","Financeiro e outros",59020000,6699000,3917000,47729000,475000,4687000,60592205,8038000,8211000,1046000,294557
"ITSA4","761","2017","Financeiro e outros",65580000,5779000,3292000,53229000,669000,4969000,80017631,8364000,8403000,1295000,235552
"JBDU4","1231","2015","Financeiro e outros",129906,35119,21589,36069,-1386,0,6314,-3414,-4221,0,0.00064
"JBDU4","1231","2016","Financeiro e outros",91206,1144,17265,-8290,7734,0,2052,-40384,-41750,0,0.00026
"JBDU4","1231","2017","Financeiro e outros",97670,1146,17572,-2133,-1782,0,4327,-1437,-1437,0,0.00165
"JBSS3","2057","2015","Consumo não cíclico",122502967,49810038,40137467,28029243,7384785,162914526,34492402,7878681,4640114,22590313,203447
"JBSS3","2057","2016","Consumo não cíclico",102815763,33919805,33348624,23771325,3667395,170380526,31026200,436380,375973,21313826,186594
"JBSS3","2057","2017","Consumo não cíclico",108695951,36105544,29179341,24287612,5203974,163169981,26581915,1151756,534202,23772232,186131
"JHSF3","2060","2015","Consumo cíclico",6565587,1881373,1671085,2645050,283149,630961,666581,246376,108379,271921,0.02368
"JHSF3","2060","2016","Consumo cíclico",4750550,1162738,609448,2205046,-353945,384563,740062,-439593,-253587,153444,0.02662
"JHSF3","2060","2017","Consumo cíclico",4466181,321996,351934,2121482,-107779,355885,919674,40352,-22653,147238,0.05707
"JOPA3","1328","2015","Consumo não cíclico",1566240,985881,634069,435251,-40087,1056831,122335,50827,24176,347509,3e-05
"JOPA3","1328","2016","Consumo não cíclico",1667337,1081325,607485,457475,14112,1172311,211640,69056,30701,390056,2e-05
"JOPA3","1328","2017","Consumo não cíclico",1712639,1133187,540677,471434,128535,1069282,264563,35353,19152,311506,3e-05
"JSLG3","2202","2015","Bens industriais",8742595,3371043,2414240,1019852,850881,5989912,1485533,67222,46763,1137358,0.01943
"JSLG3","2202","2016","Bens industriais",8868383,2716700,3194162,608989,756453,6739417,1814249,-249470,-183174,1297360,0.0174
"JSLG3","2202","2017","Bens industriais",11500924,4488461,3129688,686788,-1873071,7255804,1669203,33929,-2742,1486115,0.02249
"CTKA4","414","2015","Consumo cíclico",276824,153525,345514,-115831,39176,262713,21098,-49083,-49564,103252,0.00058
"CTKA4","414","2016","Consumo cíclico",314602,176375,472686,-209315,9757,311270,34636,-96185,-96579,111181,0.00023
"CTKA4","414","2017","Consumo cíclico",322722,183630,484540,-208188,47048,309776,17312,-52966,-525,123194,0.00349
"KEPL3","787","2015","Bens industriais",791235,363849,223274,491362,7405,705979,426254,-5471,6237,90797,0.01351
"KEPL3","787","2016","Bens industriais",763805,315828,208362,468852,53122,475298,473616,-38631,-22124,32704,0.01401
"KEPL3","787","2017","Bens industriais",716246,304324,226944,435349,-18610,578375,513873,-37200,-34257,48428,0.01114
"KLBN11","1265","2015","Materiais básicos",26268180,8675744,3162295,5352340,1739996,5687589,25968329,-1947808,-1253197,2242200,0.91356
"KLBN11","1265","2016","Materiais básicos",29313729,9960035,4143664,7100336,1202849,7090798,18867916,3214935,2481946,2396686,0.88986
"KLBN11","1265","2017","Materiais básicos",30549541,11803589,3747333,7234151,1792978,8373378,18039363,838668,532169,2735547,0.6751
"KROT3","1797","2015","Consumo cíclico",16638854,1641615,1173525,12459688,911322,5265058,15388152,1464461,1396134,3024184,271080
"KROT3","1797","2016","Consumo cíclico",17601065,2645028,1245420,13849364,1820112,5244718,21646037,1922855,1864635,3087936,212907
"KROT3","1797","2017","Consumo cíclico",18667762,3536141,1345534,15207726,1826404,5557748,30182572,1920595,1882316,3451858,199781
"LLIS3","2144","2015","Consumo cíclico",3178126,795008,720131,1742917,174847,1188743,604284,-44990,-17219,691000,0.02396
"LLIS3","2144","2016","Consumo cíclico",3179649,823879,1025396,1681063,253142,1125829,1032182,-89071,-61642,656030,0.02033
"LLIS3","2144","2017","Consumo cíclico",3690947,895908,976032,2146495,147965,1249816,1677033,-213840,420568,717946,0.00278
"LIGT3","1987","2015","Utilidade pública",14901420,3976236,4399371,3665063,979481,10647304,2018947,124230,37836,1582602,0.30871
"LIGT3","1987","2016","Utilidade pública",14330229,3612477,4871405,3353796,1142837,9645237,3540295,-282975,-312937,1603211,0.33072
"LIGT3","1987","2017","Utilidade pública",14945049,4137972,5493129,3432473,25747,11314559,3403659,298478,124221,2445340,0.39712
"LINX3","2303","2015","Tecnologia da informação",996087,373304,98866,665239,81536,449183,2074879,81366,63818,320916,0.10144
"LINX3","2303","2016","Tecnologia da informação",1483372,795619,117122,1153278,82138,495799,2873333,92899,68501,348435,0.10038
"LINX3","2303","2017","Tecnologia da informação",1564024,720084,169238,1170520,108736,571590,3515433,108761,84845,402717,0.19167
"LIXC3","477","2015","Bens industriais",287489,278855,190603,43992,-821,6005,12689,-9499,-10074,1080,8e-05
"LIXC3","477","2016","Bens industriais",296396,287962,215780,18384,2840,293,21838,-17720,-17994,-324,6e-05
"LIXC3","477","2017","Bens industriais",300118,293134,233788,1359,-2,53,29943,-21776,-22177,41,8e-05
"RENT3","1973","2015","Consumo cíclico",6123024,2005577,1356058,1941577,-3401,3928095,5133260,532844,402427,1239269,0.52395
"RENT3","1973","2016","Consumo cíclico",7417255,2242761,1841699,2196990,-226788,4439273,7121182,527628,409315,1290039,0.57806
"RENT3","1973","2017","Consumo cíclico",11186234,3430988,2234098,2600725,-2443028,6058279,14568358,654135,505676,1647424,0.84207
"LOGN3","2071","2015","Bens industriais",2329572,421274,1831607,96625,129717,1054432,103598,-343581,-375302,94575,0.02182
"LOGN3","2071","2016","Bens industriais",1857719,428667,365666,189933,184976,794031,44006,145612,94103,-4010,0.01677
"LOGN3","2071","2017","Bens industriais",1171990,339102,299534,-393274,237679,872172,77483,-652912,-606874,75022,0.01306
"LAME4","808","2015","Consumo cíclico",20528253,12281139,7618062,1742344,710027,17926155,19732679,274743,250249,5126485,0.72244
"LAME4","808","2016","Consumo cíclico",20775991,11680716,7472811,1990456,-1198963,18103512,21833658,-115472,211657,5399570,0.72157
"LAME4","808","2017","Consumo cíclico",27536385,17604748,9655087,4621684,437047,17044716,25080405,36083,237628,5440965,133606
"AMAR3","2205","2015","Consumo cíclico",2832135,1862804,830820,1118845,433513,3164906,989817,-76008,-35764,1376788,0.01933
"AMAR3","2205","2016","Consumo cíclico",2644049,1590533,725588,1011636,329534,2852785,1216353,-144915,-88006,1312240,0.01296
"AMAR3","2205","2017","Consumo cíclico",2832732,1847312,1274257,959640,-10347,2875577,1479624,-8559,-60438,1374859,0.08106
"LREN3","813","2015","Consumo cíclico",5863719,3721211,2319127,2310896,771958,6145198,10938716,828667,578838,3633846,0.91285
"LREN3","813","2016","Consumo cíclico",6475212,4085477,2917751,2636796,914208,6451578,14887907,872380,625058,3876495,121988
"LREN3","813","2017","Consumo cíclico",7547658,4907941,2941712,3223446,845590,7444305,25259475,1004137,732679,4499392,116259
"LPSB3","2037","2015","Financeiro e outros",378142,118561,65822,212995,-5853,204176,258944,-445460,-371139,148109,0.02938
"LPSB3","2037","2016","Financeiro e outros",343192,115825,50976,150732,-9444,148706,486451,-28288,-37483,115809,0.0096
"LPSB3","2037","2017","Financeiro e outros",290276,75746,51286,90040,-11398,111019,699549,-45774,-63367,79987,0.03371
"LUPA3","2006","2015","Petróleo, gás e biocombustíveis",814031,235735,211624,93313,41535,268294,19445,39873,-75137,-10235,0.00157
"LUPA3","2006","2016","Petróleo, gás e biocombustíveis",642290,162544,177222,44611,-52892,138486,37857,-55194,7370,-30558,0.01262
"LUPA3","2006","2017","Petróleo, gás e biocombustíveis",575280,224321,126620,85818,-16298,112366,27242,-38802,-5487,-5279,0.01357
"MDIA3","2033","2015","Consumo não cíclico",5099577,1907824,783702,3716945,490685,4622164,7514500,642085,603925,1655768,0.12903
"MDIA3","2033","2016","Consumo não cíclico",5681045,2351871,816941,4333606,964242,5328071,12996130,832176,784399,2085678,0.15507
"MDIA3","2033","2017","Consumo não cíclico",6089765,2551664,589212,4991911,870802,5415422,17661900,915477,844183,2249054,0.29973
"MGLU3","2247","2015","Consumo cíclico",5501981,3360515,2874782,575656,462790,8978259,386079,-147129,-65605,2578629,0.11246
"MGLU3","2247","2016","Consumo cíclico",6100606,3919843,3672426,621586,267751,9508745,2258653,77096,86565,2922615,0.10229
"MGLU3","2247","2017","Consumo cíclico",7419513,5257617,4136036,2073977,19477,11984250,15180143,476873,389022,3606011,0.65524
"MAGG3","2084","2015","Materiais básicos",6510840,2502449,1416777,1849974,443637,3380772,770998,-751387,-1061283,1039486,0.03782
"MAGG3","2084","2016","Materiais básicos",6145680,2450768,1584621,1945730,436165,3393079,1224196,378196,449502,1159917,0.02764
"MAGG3","2084","2017","Materiais básicos",6342942,2544478,1858474,1936009,456587,3680712,2522040,-153628,-182782,1219522,0.0376
"MGEL4","839","2015","Materiais básicos",397193,158124,89678,-298026,10106,427477,16482,-142361,-51344,33695,0.00093
"MGEL4","839","2016","Materiais básicos",363758,141572,62169,-293428,23331,427533,21687,4993,1644,45290,0.00055
"MGEL4","839","2017","Materiais básicos",336697,135580,55590,-317747,37402,445983,23827,-33753,-8693,57106,0.0019
"POMO4","845","2015","Bens industriais",5038863,2988919,1592174,1828085,491248,2739132,1597062,127717,86949,475967,0.32672
"POMO4","845","2016","Bens industriais",4968269,3056738,1661724,1836409,170987,2574093,2319915,370237,219388,325758,0.27793
"POMO4","845","2017","Bens industriais",4732252,2822901,1619266,1898769,294934,2875993,3409728,92973,72170,403646,0.31147
"MRFG3","2078","2015","Consumo não cíclico",20915949,9842455,5406649,643258,2100663,18891833,3306374,-1808474,-586022,2302164,0.42935
"MRFG3","2078","2016","Consumo não cíclico",20258803,9303178,7382969,906616,1675961,19333453,3445790,-1021540,-679205,2176080,0.44687
"MRFG3","2078","2017","Consumo não cíclico",21301799,9738648,6021169,2392532,-7018,18577873,4545640,-819588,-483472,2222523,0.34008
"MTIG4","860","2015","Materiais básicos",77081,27437,43998,7650,14773,116937,5375,-16068,-10236,3299,0.00033
"MTIG4","860","2016","Materiais básicos",87660,39081,56038,22843,-11012,143284,8449,-15278,-9859,11368,0.00017
"MTIG4","860","2017","Materiais básicos",84728,43347,47039,22941,-11379,130985,4996,159,98,22326,2e-05
"LEVE3","857","2015","Consumo cíclico",2477941,1026764,585414,1290298,338097,2433093,3175635,253171,201025,650674,0.07294
"LEVE3","857","2016","Consumo cíclico",2354914,1066404,488968,1230835,248746,2236007,2663684,-41346,24656,596003,0.12057
"LEVE3","857","2017","Consumo cíclico",2226144,1061254,425764,1355048,346535,2264443,3062724,279109,237305,628671,0.0828
"FRIO3","2061","2015","Bens industriais",1205377,775221,845123,-1559,91097,1017742,27610,-98685,-109792,135471,0.00061
"FRIO3","2061","2016","Bens industriais",1098571,703292,516367,83259,95205,1013663,105954,39261,14883,152276,0.00268
"FRIO3","2061","2017","Bens industriais",1278901,867460,841297,57475,151164,985748,172484,-16814,-23921,162991,0.00112
"MTSA4","875","2015","Bens industriais",415828,323765,153558,202687,38766,221961,122458,22255,16587,56996,5e-04
"MTSA4","875","2016","Bens industriais",316950,227803,97290,211494,16669,218018,91199,17859,13436,50204,0.00051
"MTSA4","875","2017","Bens industriais",272053,183119,42651,219917,18576,240177,145540,15376,13143,55614,0.0017
"MILS3","2201","2015","Bens industriais",1637957,435541,218904,962231,200346,576106,334572,-128718,-97801,232327,0.1129
"MILS3","2201","2016","Bens industriais",1510747,472258,193755,997949,133071,396617,677634,-144392,-99408,82994,0.10801
"MILS3","2201","2017","Bens industriais",1223576,232426,165439,846580,24494,291265,714029,-202516,-138381,1307,0.08182
"BEEF3","2093","2015","Consumo não cíclico",8312048,5014622,3043383,-384069,959266,9524797,2553516,-745916,-800712,1922858,0.23829
"BEEF3","2093","2016","Consumo não cíclico",8959148,5659280,2811028,520623,582107,9648670,2861706,250580,194870,1885342,0.23958
"BEEF3","2093","2017","Consumo não cíclico",11905325,7351851,3947230,71077,588213,12103789,2349587,-201101,-281023,2237053,0.28858
"MNPR3","1376","2015","Consumo não cíclico",214986,35529,353073,-254009,27679,207304,35501,-11096,-11087,46740,0.00221
"MNPR3","1376","2016","Consumo não cíclico",208152,27435,372014,-267329,23166,196298,21655,-13332,-13320,36907,0.00079
"MNPR3","1376","2017","Consumo não cíclico",171925,28144,351871,-292668,6540,190423,20235,-26200,-25339,35800,0.00074
"MMXM3","1791","2015","Materiais básicos",405371,319433,882231,-734155,6768,367,37307,97061,95966,-492,0.00575
"MMXM3","1791","2016","Materiais básicos",186186,109026,567846,-473429,3640,2723,36008,415594,412903,-7521,0.01162
"MMXM3","1791","2017","Materiais básicos",168726,88468,623758,-501529,-14004,454,19204,-29407,-28100,-20,0.00261
"MRVE3","2091","2015","Consumo cíclico",11392309,6819612,3050474,4775614,1028036,4763038,3829260,698596,547581,1438637,0.56975
"MRVE3","2091","2016","Consumo cíclico",12327013,7120084,2924359,5183729,576052,4249049,4827505,668476,557114,1386779,0.79065
"MRVE3","2091","2017","Consumo cíclico",14558500,8315552,3249980,5541762,332400,4759888,6645394,805195,653402,1612139,0.82492
"MULT3","2098","2015","Financeiro e outros",7014259,786435,540258,4181259,656113,1065030,7137202,442531,362185,823773,0.58414
"MULT3","2098","2016","Financeiro e outros",7954446,897945,717024,4450170,650914,1109950,11204799,442315,311941,848886,0.55057
"MULT3","2098","2017","Financeiro e outros",8644402,1299500,699364,5185089,714820,1156379,14126510,438624,369401,883058,0.57924
"MPLU3","2194","2015","Consumo cíclico",1794494,1671863,1533716,260778,490753,2261753,6048468,717426,479741,704334,0.22115
"MPLU3","2194","2016","Consumo cíclico",1751446,1648551,1494213,256099,536337,2199284,5476353,756609,513803,752020,0.21752
"MPLU3","2194","2017","Consumo cíclico",1721500,1617884,1468074,239757,565034,2309768,5674651,744370,517196,747285,0.18659
"MNDL3","531","2015","Consumo cíclico",887634,206622,429126,-21214,10288,404148,14827,-42473,-52018,132095,0.00019
"MNDL3","531","2016","Consumo cíclico",952144,210665,518558,-60479,21764,421202,25985,-42091,-41264,137391,0.00056
"MNDL3","531","2017","Consumo cíclico",977889,213268,787055,-139216,-22817,437123,56507,-130946,-79158,150745,0.00029
"NATU3","1955","2015","Consumo não cíclico",9394981,6018706,4572920,1028186,1578025,7899002,10107371,875370,513513,5483012,0.52981
"NATU3","1955","2016","Consumo não cíclico",8421579,4802900,4177899,996385,778634,7912664,9905552,426859,296699,5465705,0.57698
"NATU3","1955","2017","Consumo não cíclico",14957462,7056309,6912005,1634746,1153305,9852708,14229288,971192,670251,6941631,0.63264
"ODPV3","2012","2015","Saúde",1195650,479853,277316,651602,237090,1249691,4991078,326917,220946,667163,0.38659
"ODPV3","2012","2016","Saúde",1358010,582291,307352,693575,196299,1365039,6689055,305467,215990,693235,0.35132
"ODPV3","2012","2017","Saúde",1389568,626227,425923,923242,289483,1437283,8448731,745397,502919,1042123,0.28193
"OIBR3","1131","2015","Telecomunicações",97014806,38067009,25574071,13215664,-1053671,27353765,1551439,-5700704,-4934908,12045131,0.14993
"OIBR3","1131","2016","Telecomunicações",82171198,26706577,60749243,11664609,3100320,25996423,1717757,-3236328,-6943506,9147716,0.25631
"OIBR3","1131","2017","Telecomunicações",68639036,23747748,67891607,-13805980,4401758,23789654,2427725,-5557540,-6365019,8803404,0.1453
"OSXB3","2134","2015","Petróleo, gás e biocombustíveis",8270933,4089110,7337693,-2776922,23612,414197,46885,-392896,-979760,76100,0.01009
"OSXB3","2134","2016","Petróleo, gás e biocombustíveis",1687484,31532,454355,-2845933,-1255425,1093,47221,-1445823,-1402945,-6237,0.00227
"OSXB3","2134","2017","Petróleo, gás e biocombustíveis",1743785,9423,445183,-3536617,-29566,10629,24114,-502657,-501902,10629,0.00029
"OFSA3","2350","2015","Saúde",693371,378377,149994,380181,15509,534045,1887441,87267,69192,297361,0.00708
"OFSA3","2350","2016","Saúde",775576,379922,142959,376334,42202,456587,1510572,-13350,-5206,226083,0.00312
"OFSA3","2350","2017","Saúde",810227,407296,276517,405879,99503,505281,1294776,49558,38108,266569,0.00247
"PCAR4","1482","2015","Consumo não cíclico",47241000,24960000,25273000,10354000,4632000,69220000,11112532,70000,265000,16286000,0.99385
"PCAR4","1482","2016","Consumo não cíclico",45217000,31651000,27582000,9860000,-1304000,41454000,14554904,-47000,-482000,9521000,0.66385
"PCAR4","1482","2017","Consumo não cíclico",47928000,33220000,28992000,10333000,1895000,44634000,21022690,779000,619000,10703000,0.6033
"PEAB3","1870","2015","Financeiro e outros",596641,261111,59121,445384,33827,287208,351255,36728,25804,70457,1e-05
"PEAB3","1870","2016","Financeiro e outros",642643,318327,74608,507694,31905,313929,416469,57748,67210,92596,0
"PEAB3","1870","2017","Financeiro e outros",649347,276709,69455,519253,38150,353778,482464,60118,36981,115842,2e-05
"PMAM3","939","2015","Materiais básicos",5306234,3453792,3797334,344476,-449881,5374268,702135,171467,134786,411215,0.04006
"PMAM3","939","2016","Materiais básicos",3544412,1813036,2890104,257010,-469834,4586455,485112,-129304,-373168,349868,0.03181
"PMAM3","939","2017","Materiais básicos",4211491,2493482,1328981,888522,113646,3508460,1095366,-529088,-135770,244565,0.04738
"PDGR3","2047","2015","Consumo cíclico",10958045,4850657,6567223,1934255,768670,1824301,80184,-2800181,-2764382,-42055,0.17472
"PDGR3","2047","2016","Consumo cíclico",4651014,2704206,5807432,-3372201,-325683,247228,58538,-5432293,-5307817,-725753,0.07623
"PDGR3","2047","2017","Consumo cíclico",2968868,2178330,3459827,-3198942,252469,458253,111666,952838,173221,25901,0.12883
"RPMG3","998","2015","Petróleo, gás e biocombustíveis",368995,165433,919366,-1572780,-636,710127,243666,-482634,-482634,-124308,0.00388
"RPMG3","998","2016","Petróleo, gás e biocombustíveis",640725,449970,1952751,-2137825,942,711544,488009,-565283,-565283,-189115,0.00379
"RPMG3","998","2017","Petróleo, gás e biocombustíveis",1039210,853363,2745287,-2329765,7902,548247,534712,-191901,-191901,-21873,0.00231
"PETR4","951","2015","Petróleo, gás e biocombustíveis",900135000,169581000,111572000,254731000,86407000,321638000,101315519,-41229000,-34836000,98576000,694402
"PETR4","951","2016","Petróleo, gás e biocombustíveis",804945000,145907000,81167000,250230000,89709000,282589000,209377550,-10703000,-14824000,89978000,676554
"PETR4","951","2017","Petróleo, gás e biocombustíveis",831515000,155909000,82535000,263985000,86467000,283695000,216044789,6174000,-446000,91595000,534559
"PRIO3","2218","2015","Petróleo, gás e biocombustíveis",1177037,899822,85423,914105,-20171,253071,161554,104894,110421,-41386,0.03175
"PRIO3","2218","2016","Petróleo, gás e biocombustíveis",1082369,781580,79620,834152,114000,397871,286358,252951,241622,-10597,0.00546
"PRIO3","2218","2017","Petróleo, gás e biocombustíveis",1270244,849655,216852,883130,49087,533922,1024061,48658,50851,98858,0.02375
"PTNT4","953","2015","Consumo cíclico",456321,194325,151407,155328,10235,238681,91288,10891,3174,42240,0.00011
"PTNT4","953","2016","Consumo cíclico",402863,182377,134710,149667,10273,207677,86003,15160,6592,37313,0.00016
"PTNT4","953","2017","Consumo cíclico",426871,207167,158896,169292,24467,203734,168163,13829,6169,32193,0.00167
"PLAS3","1347","2015","Consumo cíclico",638763,101985,525535,66732,150440,480774,10338,-135208,-198348,34140,0.00192
"PLAS3","1347","2016","Consumo cíclico",581418,84692,715897,-185104,60228,351385,21272,-244650,-251836,-35499,0.00054
"PLAS3","1347","2017","Consumo cíclico",533380,73729,631166,-257051,20008,389175,28826,-146532,-71947,22034,0.00049
"FRTA3","1965","2015","Consumo não cíclico",110110,37980,85854,2067,-12365,37352,33284,-31621,-31092,-7439,0.00121
"FRTA3","1965","2016","Consumo não cíclico",92735,24699,22414,-41681,-8992,45510,46216,-18877,-18368,-3191,0.00026
"FRTA3","1965","2017","Consumo não cíclico",64655,8895,63904,-61733,3761,44730,17196,-20661,-20051,-4424,0.00012
"PSSA3","1665","2015","Financeiro e outros",23175407,17920029,13601800,6459191,1041700,15457182,9307605,1412131,1001517,15457182,0.34227
"PSSA3","1665","2016","Financeiro e outros",25356707,19135427,14305435,6999066,520461,16134566,8696582,1338012,915599,16134566,0.30005
"PSSA3","1665","2017","Financeiro e outros",28683957,21563767,15325066,7714364,1314404,16894102,11745235,1532686,1100867,16894102,0.25535
"PTBL3","1377","2015","Bens industriais",1351893,639604,439490,231846,-45134,1060395,326485,76381,52652,396202,0.00532
"PTBL3","1377","2016","Bens industriais",1237360,535369,409155,238448,138942,1016400,321733,-5887,2125,363202,0.01496
"PTBL3","1377","2017","Bens industriais",1252008,522623,414310,285048,102736,1023937,870105,80992,64136,417020,0.05872
"POSI3","2036","2015","Tecnologia da informação",1919040,1550611,1101281,576395,80693,1843191,144889,-79742,-79881,347157,0.01193
"POSI3","2036","2016","Tecnologia da informação",1822893,1415468,1072596,559245,68975,1746015,239167,9666,8838,506406,0.02301
"POSI3","2036","2017","Tecnologia da informação",1733859,1411332,1090782,506375,112580,1913608,268129,-43987,-47551,493349,0.03661
"PFRM3","2034","2015","Saúde",2282159,1642637,1187526,667946,59265,3465143,203953,-19823,-21182,436969,0.01213
"PFRM3","2034","2016","Saúde",2712233,1692956,1156942,758956,-107293,4084669,526270,-52418,-48963,625253,0.01504
"PFRM3","2034","2017","Saúde",2619492,1645464,1576748,745932,-51826,4100711,559555,-153614,-112720,700968,0.02076
"PRML3","2148","2015","Bens industriais",7510528,709441,353894,2937065,-487659,101572,2638597,-328825,-212470,35108,0.07834
"PRML3","2148","2016","Bens industriais",7808106,569068,226987,3149020,-101262,143551,2876530,-418513,-262773,-22428,0.03854
"PRML3","2148","2017","Bens industriais",7449509,372735,184375,2192725,-57113,232739,4297874,-784572,-983202,-2221,0.03128
"QGEP3","2236","2015","Petróleo, gás e biocombustíveis",3430263,1337343,157967,2689165,431472,496192,1503279,75710,93613,243338,0.16924
"QGEP3","2236","2016","Petróleo, gás e biocombustíveis",3563420,1433910,254532,2779647,341772,476454,1374353,167855,152898,235722,0.14897
"QGEP3","2236","2017","Petróleo, gás e biocombustíveis",3931342,2277177,308842,3110110,428777,501726,2782885,434619,357375,274012,0.11196
"QUAL3","2249","2015","Saúde",3434432,710948,476831,1989850,570179,1730159,3875546,400783,227126,1274358,0.90501
"QUAL3","2249","2016","Saúde",3589787,892784,728650,2063510,621293,1964404,5304003,460434,404727,1461762,0.70798
"QUAL3","2249","2017","Saúde",3531358,1034181,407464,2366895,534648,2075289,8850873,583154,370710,1577907,0.88941
"RADL3","525","2015","Saúde",4699201,2685844,1648766,2633809,501695,8897849,11683067,435902,340206,2714560,0.73956
"RADL3","525","2016","Saúde",5659303,3427783,2184684,2909787,555529,11256565,20163856,595216,447685,3504143,0.87124
"RADL3","525","2017","Saúde",6464249,3928204,2493779,3222513,628840,13212505,30267547,686544,511163,3988000,0.87684
"RAPT4","1410","2015","Bens industriais",5183866,3198537,1511424,1277333,157627,3099402,681853,-6085,-24628,640927,0.14417
"RAPT4","1410","2016","Bens industriais",4868291,3038140,1239669,1413157,445657,2623976,1069532,1081,-67205,520907,0.21439
"RAPT4","1410","2017","Bens industriais",4970681,3109734,1587906,1432243,455898,2936758,2231520,153944,46712,697004,0.22503
"RCSL4","1257","2015","Bens industriais",35212,1069,77428,-103982,-2407,592,7334,-17106,-17093,203,0.00072
"RCSL4","1257","2016","Bens industriais",47984,815,67429,-81636,-38584,0,54300,-29823,-29806,0,0.00258
"RCSL4","1257","2017","Bens industriais",37470,1174,45130,-116106,-20365,35,22061,-39295,-36900,35,0.03058
"REDE3","319","2015","Utilidade pública",12936780,3634755,2740604,2340903,643821,8036332,2133606,161555,409115,883344,5e-05
"REDE3","319","2016","Utilidade pública",13926696,3641414,3157528,2908483,1101079,7739833,4826803,169554,159716,1087181,5e-05
"REDE3","319","2017","Utilidade pública",14925113,4029500,3416920,2988357,678582,8977152,5967838,292442,111229,1175023,0.00121
"RNEW11","2163","2015","Utilidade pública",6023461,550630,1497006,2627916,177282,409830,2752073,338649,118192,196445,0.005
"RNEW11","2163","2016","Utilidade pública",5901136,135860,3346901,1955598,-133363,483137,721631,-1155105,-1101472,29524,0.00526
"RNEW11","2163","2017","Utilidade pública",2929337,143538,1750936,779808,-337965,734098,938268,-1246189,-1139535,57430,0.02744
"RDNI3","2045","2015","Consumo cíclico",1705574,1142891,467720,818450,-860,557327,189524,30831,6748,164161,0.00579
"RDNI3","2045","2016","Consumo cíclico",1578022,916105,364705,734483,-53256,385984,229930,-60239,-75726,38024,0.00201
"RDNI3","2045","2017","Consumo cíclico",1160096,603078,382864,641375,180397,289715,259462,-82383,-93191,11377,0.00087
"RSID3","1630","2015","Consumo cíclico",5260789,2118695,3020281,1226071,205533,1226141,53561,-532268,-558066,140191,0.08776
"RSID3","1630","2016","Consumo cíclico",4817364,1997946,2671432,714635,-212872,538002,45192,-527731,-514373,34875,0.03238
"RSID3","1630","2017","Consumo cíclico",3840053,1457182,2001806,376604,37529,326028,120345,-355615,-338891,-68464,0.05833
"SBSP3","1444","2015","Utilidade pública",33706614,3450333,3740316,13716606,2641400,11711569,12938842,587529,536279,3450806,0.4783
"SBSP3","1444","2016","Utilidade pública",36745034,3823635,4302508,15419211,3003592,14098208,19678249,4129054,2947098,5085088,0.81837
"SBSP3","1444","2017","Utilidade pública",39546444,4574085,4771880,17513009,3301882,14608233,23464894,3503614,2519310,5829270,0.73441
"SAPR11","1862","2015","Utilidade pública",8244675,738383,741501,4180307,872250,2971185,1640232,540314,438444,1626023,0
"SAPR11","1862","2016","Utilidade pública",9454119,1307240,967318,4808673,1096717,3477525,5260366,789585,626847,2032417,0
"SAPR11","1862","2017","Utilidade pública",10122671,1239214,1256643,5152654,1353848,3869401,5836532,914073,686172,2313266,0.03233
"CTSA3","408","2015","Consumo cíclico",423235,221688,141916,250550,-6777,339573,91913,-34294,-21051,46570,6e-05
"CTSA3","408","2016","Consumo cíclico",435999,198846,150600,247420,18677,376607,63510,-5241,-3158,61546,0.00011
"CTSA3","408","2017","Consumo cíclico",513960,211794,182697,262641,29881,418543,142747,21206,19944,92196,0.00027
"STBP3","1789","2015","Bens industriais",2018451,374037,253931,1407218,167557,964320,1663066,-14219,-18129,259913,0
"STBP3","1789","2016","Bens industriais",1893843,318463,284389,1389132,121738,834101,1583873,-22279,-19910,124790,0.01337
"STBP3","1789","2017","Bens industriais",2764690,403414,342327,1330820,107589,824052,2240302,-31175,-5321,177691,0.07588
"SCAR3","1378","2015","Financeiro e outros",3058115,350713,163508,1259448,180070,477209,1290783,193549,163116,389557,0.00642
"SCAR3","1378","2016","Financeiro e outros",3056224,327642,191343,1323260,29353,450238,1422290,133324,76229,358624,0.0107
"SCAR3","1378","2017","Financeiro e outros",2985242,498691,201551,1402661,17452,552424,2427000,160003,119226,371878,0.01017
"SMTO3","2051","2015","Consumo não cíclico",7123640,1770246,1223322,2485795,220537,1649531,5176731,100116,125369,457571,0.14098
"SMTO3","2051","2016","Consumo não cíclico",7709193,2303725,1408398,3020877,240390,1763842,6576973,168384,164426,471571,0.2253
"SMTO3","2051","2017","Consumo não cíclico",9286464,3262689,1772737,3375083,483269,2321358,6894379,430439,338371,784489,0.25107
"SLED4","1047","2015","Consumo cíclico",1750734,1338522,846456,524494,-37199,1772815,131562,-180322,93704,562028,0.02754
"SLED4","1047","2016","Consumo cíclico",1333877,984664,672003,491822,252458,1737563,159427,-58419,-49804,594279,0.01905
"SLED4","1047","2017","Consumo cíclico",1399185,962503,740362,422022,36636,1724886,120449,-67447,-52009,574801,0.02728
"SHUL4","1466","2015","Bens industriais",1003959,620872,218101,437847,126431,648090,468028,64490,48099,179557,0.00322
"SHUL4","1466","2016","Bens industriais",936439,579421,240305,456788,79261,579706,268759,35511,30650,134177,0.00797
"SHUL4","1466","2017","Bens industriais",1077513,708182,216916,487196,44794,686769,437765,52841,40120,158937,0.01406
"SNSL3","2279","2015","Tecnologia da informação",98204,64254,14801,66082,1906,75304,102421,9346,9800,27219,0.00298
"SNSL3","2279","2016","Tecnologia da informação",155324,44996,36803,70249,33729,84558,154951,11331,8282,28934,0.00427
"SNSL3","2279","2017","Tecnologia da informação",157501,52075,34172,75607,9249,134909,299147,9757,7464,50736,0.00509
"SEER3","2322","2015","Consumo cíclico",1848588,497460,270766,757233,77060,1020261,961235,172543,161065,542805,0.16764
"SEER3","2322","2016","Consumo cíclico",2018564,702195,365048,950400,287770,1125380,2330683,235893,230448,613994,0.12274
"SEER3","2322","2017","Consumo cíclico",2507874,1265461,295187,1508390,356598,1231785,4333000,201915,197475,675140,0.2338
"CSNA3","403","2015","Materiais básicos",48649974,16430691,5325571,7664747,5069163,15331852,5428532,1804575,1617793,3532094,0.74384
"CSNA3","403","2016","Materiais básicos",44153623,12444918,5496683,6194528,275918,17148949,14724894,-576951,-934747,4508907,122032
"CSNA3","403","2017","Materiais básicos",45209970,11881496,10670050,7027373,571851,18524601,11372775,520338,10272,4928460,104081
"SSBR3","2235","2015","Financeiro e outros",4900842,340059,241638,2418541,162575,331180,1236538,268280,97119,251461,0.0127
"SSBR3","2235","2016","Financeiro e outros",4988081,312112,224856,2476695,162708,342294,1316783,323295,96314,257932,0.02016
"SSBR3","2235","2017","Financeiro e outros",5325661,509367,316565,2585116,170941,354856,1937344,319120,138421,271740,0.02394
"SLCE3","2074","2015","Consumo não cíclico",5309633,2176848,1747970,2205708,274832,1761581,1596523,166654,122528,433121,0.06742
"SLCE3","2074","2016","Consumo não cíclico",5453376,2332168,1838376,2451035,305651,1659649,1405836,-4161,29945,246468,0.09006
"SLCE3","2074","2017","Consumo não cíclico",5293685,2250339,1662232,2513199,371612,2219901,2561139,500990,356341,677296,0.10761
"ABRE11+SEDU3","2255","2015","Consumo cíclico",3668231,1576411,942824,922751,80863,1183640,3560083,-12922,-607355,734612,0.07866
"ABRE11+SEDU3","2255","2016","Consumo cíclico",3476280,1568925,1437999,833953,405000,1869054,2050818,-109640,-70948,984553,0.0036
"ABRE11+SEDU3","2255","2017","Consumo cíclico",3749169,1818201,1262657,846319,24834,1871583,3834629,41883,11394,1041156,0.00763
"SPRI3","1096","2015","Financeiro e outros",91465,37472,10990,69614,3100,45260,30354,-21066,-17482,4954,5e-05
"SPRI3","1096","2016","Financeiro e outros",72695,14393,5274,64187,-34415,53489,23187,-1553,-3578,9054,0.00015
"SPRI3","1096","2017","Financeiro e outros",48929,25532,1780,43400,2605,3708,24004,-21061,-20787,526,4e-05
"SGPS3","2096","2015","Consumo cíclico",2598336,1453226,850696,1068500,-78900,2267095,144500,35570,22464,609960,0.00555
"SGPS3","2096","2016","Consumo cíclico",2629673,1360494,816551,1023136,243,2311271,212500,-64594,-7482,618970,0.00695
"SGPS3","2096","2017","Consumo cíclico",2721418,1344555,762881,1149507,53999,2198695,540500,-4341,21043,577559,0.0231
"SULA11","2112","2015","Financeiro e outros",20047606,14254549,8048038,4411779,586809,15064382,6219408,1121129,734297,1680930,0.35717
"SULA11","2112","2016","Financeiro e outros",21808563,15953890,8374982,5026780,48806,16274044,6025627,1139589,695257,1653921,0.29583
"SULA11","2112","2017","Financeiro e outros",23449518,17014304,8803882,5622862,-220244,17762196,6917224,1255962,773252,2027645,0.29374
"SUZB3","1398","2015","Materiais básicos",28259985,6589019,3510574,9192081,2350709,10224361,20340586,-1358521,-925354,4040115,0
"SUZB3","1398","2016","Materiais básicos",29399313,8029506,3829874,10143494,3003175,9882313,15480755,2418193,1691998,3310691,0
"SUZB3","1398","2017","Materiais básicos",28522982,6796875,3708363,11621554,2949994,10520790,20409181,2239065,1807433,4071322,0.12177
"TAEE11","2025","2015","Utilidade pública",8862458,2082212,1008424,4377065,1684987,1542465,5770358,1069370,909423,1423978,0.30622
"TAEE11","2025","2016","Utilidade pública",8410617,1954878,1074367,4307588,1613393,1391074,7144909,970338,862066,1241878,0.42961
"TAEE11","2025","2017","Utilidade pública",8054820,1946797,644778,4347552,1472808,1077059,7234530,703664,648285,879282,0.64896
"TRPN3","2171","2015","Financeiro e outros",73580,72474,11266,62314,20383,75251,395944,27067,19193,75251,0.00296
"TRPN3","2171","2016","Financeiro e outros",54811,54186,6432,48192,8094,55025,264690,11282,6320,55025,0.00143
"TRPN3","2171","2017","Financeiro e outros",64457,63109,11385,52777,14150,47085,131877,15615,9430,47085,0.0031
"TECN3","2251","2015","Consumo cíclico",776169,429632,115974,462706,54940,397293,279820,31056,22015,206778,0.01698
"TECN3","2251","2016","Consumo cíclico",742508,383634,121764,463773,51451,360873,278274,1855,-1936,169580,0.00643
"TECN3","2251","2017","Consumo cíclico",714867,338824,104091,463950,20925,340077,274409,-4340,-1919,155073,0.01045
"TCSA3","2043","2015","Consumo cíclico",3712812,2107312,1258696,1677149,269239,1271749,473761,322148,237551,326978,0.11397
"TCSA3","2043","2016","Consumo cíclico",3128240,1701223,1052165,1420976,43706,341077,576720,-450402,-448981,-77711,0.07125
"TCSA3","2043","2017","Consumo cíclico",2319137,1069069,599545,1049061,145968,307989,682256,-526082,-520652,-111185,0.09316
"TCNO4","1120","2015","Bens industriais",241030,44579,112245,17508,3337,79337,16242,2897,506,12593,0.01364
"TCNO4","1120","2016","Bens industriais",243385,39584,115254,16873,-1592,17527,9644,-126,-635,4476,0.00293
"TCNO4","1120","2017","Bens industriais",224583,39112,125408,2310,14362,1609,18655,-14563,-14563,-3944,0.00931
"TOYB4","1413","2015","Consumo cíclico",31139,22210,35393,-16423,2904,17192,5745,-35653,-35653,743,5e-05
"TOYB4","1413","2016","Consumo cíclico",28299,16278,43267,-28773,-9138,7981,16017,-8850,-8850,-424,0.001
"TOYB4","1413","2017","Consumo cíclico",15670,7251,56511,-50312,-12853,14044,14484,-21539,-21539,1789,0.00122
"TGMA3","2080","2015","Bens industriais",909304,449610,209648,365363,112010,1122564,309907,11176,9930,148110,0.03433
"TGMA3","2080","2016","Bens industriais",828122,375977,250848,375077,84359,923891,507061,26799,13826,142551,0.03125
"TGMA3","2080","2017","Bens industriais",837851,374680,193112,448806,85002,1083975,1306226,117493,103763,233932,0.08256
"TEKA4","1122","2015","Consumo cíclico",883757,48592,1757147,-1174874,1102,141602,6206,-129082,-130449,38453,0.00063
"TEKA4","1122","2016","Consumo cíclico",949582,62732,1940000,-1309737,-8626,158619,3529,-133203,-133952,33982,0.00015
"TEKA4","1122","2017","Consumo cíclico",970346,54355,2112042,-1478057,3203,132023,3546,-168329,-168359,27968,0.00033
"TELB4","1125","2015","Telecomunicações",2554529,443670,382673,-218758,62031,45092,256267,-235633,-235633,-117059,0.00121
"TELB4","1125","2016","Telecomunicações",3059928,442716,97490,-500103,-180419,56054,310339,-270834,-270883,-103622,0.01114
"TELB4","1125","2017","Telecomunicações",3129521,419920,154585,-563010,-28423,16370,417911,-62175,-62175,-31544,0.00739
"VIVT4","1767","2015","Telecomunicações",101685064,17909303,17981713,68567242,9897205,40286815,59065822,4393456,3420249,19941739,120206
"VIVT4","1767","2016","Telecomunicações",102066259,18398995,20438575,69244419,11440825,42508459,69460848,5134722,4085242,21685445,123338
"VIVT4","1767","2017","Telecomunicações",101382835,16731666,17862531,69461358,12641060,43206832,77879696,5730773,4608790,22934302,101584
"TESA3","2035","2015","Consumo não cíclico",2396399,628300,1236401,1022039,86153,931127,142416,-198435,-161500,50573,0.01836
"TESA3","2035","2016","Consumo não cíclico",2102087,444993,464787,977636,69143,842275,179140,-164126,-148078,1321,0.00936
"TESA3","2035","2017","Consumo não cíclico",2222459,536320,588274,991920,14427,796315,266739,-42048,7350,114671,0.00535
"TXRX4","754","2015","Consumo cíclico",182857,47581,463049,-380223,936,76309,7967,-148740,-149018,7027,9e-05
"TXRX4","754","2016","Consumo cíclico",183946,50130,562096,-464809,5959,86151,9540,-84565,-84730,25088,0.00017
"TXRX4","754","2017","Consumo cíclico",178094,48783,332520,-303497,2662,84949,9838,96847,96717,24982,0.00022
"TIMP3","1763","2015","Telecomunicações",35403652,12033273,8658406,16933044,4278206,17138851,16602823,2979839,2071145,8831994,0.76647
"TIMP3","1763","2016","Telecomunicações",34655680,10107399,7281555,17187513,4992248,15617413,18950453,1013316,750427,7924007,0.55525
"TIMP3","1763","2017","Telecomunicações",32600365,7607388,7224437,18151184,5404112,16233959,31694541,1435516,1234507,8493809,0.61458
"SHOW3","2245","2015","Consumo cíclico",836384,559702,491346,269368,168971,550979,209253,25396,20947,108971,0.00735
"SHOW3","2245","2016","Consumo cíclico",538390,283411,194006,285473,-80499,792454,378006,46502,26592,134082,0.00794
"SHOW3","2245","2017","Consumo cíclico",697484,472498,329162,323523,86355,652895,495882,69830,44354,134724,0.02378
"TOTS3","1999","2015","Tecnologia da informação",2662075,1157673,658683,1237686,313167,1908737,5071495,254834,195529,1202268,0.36242
"TOTS3","1999","2016","Tecnologia da informação",2443912,951736,624197,1221188,260508,2183786,3926813,175521,152658,1307008,0.31804
"TOTS3","1999","2017","Tecnologia da informação",2493625,1038346,619286,1261394,329772,2227330,4884198,104152,92981,1363854,0.22357
"TRPL4","1837","2015","Utilidade pública",7338703,898826,422311,5336205,530891,1287130,7194804,609582,504430,711804,0.23539
"TRPL4","1837","2016","Utilidade pública",15066999,1680344,597971,10118390,135026,7789240,10306916,7283246,4932312,7294267,0.35494
"TRPL4","1837","2017","Utilidade pública",17252173,2643709,789104,10984717,566858,2701193,10495565,1981105,1365512,2107915,0.27343
"TRIS3","2113","2015","Consumo cíclico",959648,734987,284492,510055,46832,379555,207469,33032,19111,110342,0.0016
"TRIS3","2113","2016","Consumo cíclico",871065,597062,234937,504174,146437,302468,211822,9348,2594,86605,0.00081
"TRIS3","2113","2017","Consumo cíclico",939490,669528,233467,521971,62360,441677,298742,45028,34992,126125,0.00607
"TPIS3","1933","2015","Bens industriais",5468390,1170535,2707050,1342144,477165,2452892,804489,221385,67686,771819,0.01665
"TPIS3","1933","2016","Bens industriais",4974355,1067203,2207383,975591,819466,1543003,550017,-244328,-318608,555641,0.01469
"TPIS3","1933","2017","Bens industriais",4589036,659850,2168117,1205340,449733,1492741,582984,-232088,-6636,464575,0.08523
"TUPY3","634","2015","Bens industriais",5751180,2741313,1209405,2409665,490825,3426996,2696129,336804,220126,650141,0.06908
"TUPY3","634","2016","Bens industriais",4769806,2277197,1044562,2007132,280299,3255310,1731578,-236996,-181455,464799,0.12009
"TUPY3","634","2017","Bens industriais",4609156,2132763,1290540,1983318,268670,3706151,2631249,133937,153401,606185,0.1399
"UGPA3","1846","2015","Petróleo, gás e biocombustíveis",20966049,9911349,3833391,7945041,3201679,75655274,32829412,2247308,1503466,6721572,113858
"UGPA3","1846","2016","Petróleo, gás e biocombustíveis",24159670,13011796,5486946,8527623,2513670,77352955,37187088,2270610,1561585,7010232,103766
"UGPA3","1846","2017","Petróleo, gás e biocombustíveis",28340322,15201291,7013988,9381261,2279420,80007422,40752281,2413297,1574306,7271641,0.92814
"UCAS3","2278","2015","Consumo cíclico",267816,109565,62680,198493,22996,222652,113669,16056,13105,103221,0.00435
"UCAS3","2278","2016","Consumo cíclico",233720,89072,45958,174229,10146,185056,167859,-22947,-24264,79810,0.00765
"UCAS3","2278","2017","Consumo cíclico",216363,84506,38445,167872,3482,157941,167859,-9992,-6357,67010,0.01607
"USIM5","1432","2015","Materiais básicos",27758332,6894842,4495923,13408978,103414,10185570,2772461,-4874899,-3236105,172552,0.76724
"USIM5","1432","2016","Materiais básicos",26254745,6420478,1752244,13535740,-310312,8454200,7953445,-251748,-669952,487322,127253
"USIM5","1432","2017","Materiais básicos",25984477,7254755,3046420,13774795,877029,10734118,12392220,420950,233015,1635094,140351
"VALE3","417","2015","Materiais básicos",345549435,60417700,41182018,131160217,15718875,85499184,61678209,-64875574,-44212187,16841450,199576
"VALE3","417","2016","Materiais básicos",322696154,73547191,36609497,127240523,21634643,94633264,127734201,27021956,13311455,33489834,199359
"VALE3","417","2017","Materiais básicos",328096703,62700728,43357526,143757534,40240693,108532022,209248613,24884148,17627201,41274711,335927
"VLID3","2002","2015","Bens industriais",2156239,871960,437464,1065756,230889,1637407,2748050,179459,133065,430712,0.24177
"VLID3","2002","2016","Bens industriais",2074697,902566,544083,980721,223104,1723850,1589793,67446,88269,446650,0.23007
"VLID3","2002","2017","Bens industriais",2059765,859518,448118,979001,81926,1574474,1307311,64412,27687,353527,0.18916
"VVAR11","650","2015","Consumo cíclico",16288000,10671000,9468000,4246000,2585000,19268000,1617778,80000,14000,6173000,0.2221
"VVAR11","650","2016","Consumo cíclico",17527000,10708000,12057000,2808000,-269000,19819000,4616177,-63000,-95000,6706000,0.20411
"VVAR11","650","2017","Consumo cíclico",19931000,12443000,14278000,2959000,70000,25690000,10544103,277000,195000,8180000,0.5401
"VIVR3","2070","2015","Consumo cíclico",1307012,971228,1196524,-184712,62717,111989,10182,-259406,-260853,-55992,0.00193
"VIVR3","2070","2016","Consumo cíclico",984399,742538,1265595,-509494,86217,-17954,6705,-349626,-347170,-76356,0.0046
"VIVR3","2070","2017","Consumo cíclico",821007,627845,730071,-65964,-147603,5935,7742,-168987,-120632,-8892,0.00663
"VULC3","1176","2015","Consumo cíclico",1237154,758584,816907,35491,36653,965875,340824,-60196,-49918,287446,0.00018
"VULC3","1176","2016","Consumo cíclico",1078668,617005,441456,51637,134949,1134220,444552,36764,35689,392554,0.00281
"VULC3","1176","2017","Consumo cíclico",1120485,668030,266634,784318,299636,1263082,2236380,191093,188914,482363,0.0354
"WEGE3","541","2015","Bens industriais",14261541,9589344,3494850,6029380,982442,9760323,24112073,1303728,1156065,2765588,0.54143
"WEGE3","541","2016","Bens industriais",13509331,9127483,3278855,5962874,2130912,9367008,25006172,1279514,1117624,2635779,0.72113
"WEGE3","541","2017","Bens industriais",13985987,9415667,4326788,6720926,1290136,9523830,38890468,1240448,1142149,2758447,0.62826
"MWET4","1199","2015","Bens industriais",185098,33908,116701,-122134,17118,151711,2717,-75853,-69778,6426,8e-05
"MWET4","1199","2016","Bens industriais",195649,35597,141530,-143493,11005,121671,3128,-13705,-21023,10558,4e-05
"MWET4","1199","2017","Bens industriais",179515,36443,119725,-136980,3451,121573,5495,-15777,6513,6769,0.00022
"WHRL4","1434","2015","Consumo cíclico",6551278,4176186,3607516,2339597,-419230,9387172,3788722,514399,286792,1586280,0.00191
"WHRL4","1434","2016","Consumo cíclico",6569138,4275415,3598242,2409961,1208828,9218765,4608721,433242,311788,1584735,0.00143
"WHRL4","1434","2017","Consumo cíclico",6852312,4748854,3907022,2238579,1026664,9482873,7149144,540177,435859,1894097,0.00051
"WSON33","8004","2015","Bens industriais",3722183,935626,492065,1690437,515369,1682064,2347752,241487,105120,537089,0.00853
"WSON33","8004","2016","Bens industriais",3379128,681454,399778,1680776,326766,1585363,2383324,422176,292550,502187,0.00479
"WSON33","8004","2017","Bens industriais",3449522,741226,407376,1809873,348235,1584142,2848800,348165,230363,524542,0.00512
